"Caja"	"N° de Registro"	"Titulo"	"Autor"	"Autor2"	"fecha"	"Lugar (??)"	"N° de pág."	"Persona (700)"	"geo"	"geo"	"geo"	"Observaciones"
3	"AH0150"	"[Carta del 08 de noviembre de 1859 de Cornelio Saavedera a Mauricio Barbosa]"	"Saavedra, Cornelio"		"1859/11/08"		"1 h."	"Barbosa, Mauricio"				
3	"AH0151"	"[Carta del 13 de noviembre de 1859 de Cornelio Saavedra a Mauricio Barbosa]"	"Saavedra, Cornelio"		"1859/11/13"	"Chile-Quinta Región-Valparaíso"	"2 h."	"Barbosa, Mauricio"				
3	"AH0152"	"[Carta del 13 de noviembre de 1859 de Cornelio Saavedra a Mauricio Barbosa]"	"Saavedra, Cornelio"		"1859/11/13"	"Chile-Quinta Región-Valparaíso"	"1 h."	"Barbosa, Mauricio"				
3	"AH0153"	"Relación de los pertrechos de guerra que se han embarcado para el ejército de Operaciones del Sur"	"Valdivieso, Samuel"		"1859/11/13"	"Chile-Quinta Región-Valparaíso"	"1 h."					
3	"AH0154"	"[Carta del 15 de noviembre de 1859 de José Antonio Quezada a Mauricio Barbosa]"	"Quezada, José Antonio"		"1859/11/15"	"Chile-Octava Región-Arauco"	"1 h."	"Barbosa, Mauricio"				
3	"AH0155"	"[Carta del 16 de noviembre de 1859 de Aniceto Cordovez a Mauricio Barbosa]"	"Cordovez, Aniceto "		"1859/11/16"	"Chile-Octava Región-Concepción"	"1 h."	"Barbosa, Mauricio"				
3	"AH0156"	"[Carta del 16 de noviembre de 1859 de Cornelio Saavedra a Mauricio Barbosa]"	"Saavedra, Cornelio"		"1859/11/16"	"Chile-Quinta Región-Valparaíso"	"1 h."	"Barbosa, Mauricio"				
3	"AH0157"	"[Carta del 19 de noviembre de 1859 de Manuel Escala a Mauricio Barbosa]"	"Escala, Manuel Segundo"		"1859/11/19"	"Chile-Octava Región-Arauco"	"1 h."	"Barbosa, Mauricio"				
3	"AH0158"	"[Carta del 19 de noviembre de 1859 de Aniceto Cordovez a Mauricio Barbosa]"	"Cordovez, Aniceto "		"1859/11/19"	"Chile-Octava Región-Concepción"	"1 h."	"Barbosa, Mauricio"				
3	"AH0159"	"[Carta del 21 de noviembre de 1859 de Cornelio Saavedra a Mauricio Barbosa]"	"Saavedra, Cornelio"		"1859/11/21"	"Chile-Quinta Región-Valparaíso"	"1 h."	"Barbosa, Mauricio"				
3	"AH0160"	"[Carta del 24 de noviembre de 1859 de Cornelio Saavedra a Manuel Pomar]"	"Saavedra, Cornelio"		"1859/11/24"	"Chile-Quinta Región-Valparaíso"	"1 h."	"Pomar, Manuel"				
3	"AH0161"	"[Carta del 24 de noviembre de 1859 de Cornelio Saavedra a Mauricio Barbosa]"	"Saavedra, Cornelio"		"1859/11/24"	"Chile-Quinta Región-Valparaíso"	"1 h."	"Barbosa, Mauricio"				
3	"AH0162"	"[Carta del 24 de noviembre de 1859 de Aniceto Cordovez a Mauricio Barbosa]"	"Cordovez, Aniceto "		"1859/11/24"	"Chile-Octava Región-Concepción"	"1 h."	"Barbosa, Mauricio"				
3	"AH0163"	"[Carta del 24 de noviembre de 1859 de Manuel Segundo Escala a Mauricio Barbosa]"	"Escala, Manuel Segundo"		"1859/11/24"	"Chile-Región Metropolitana-Santiago"	"1 h."	"Barbosa, Mauricio"				
3	"AH0164"	"[Carta del 25 de noviembre de 1859 de Manuel Segundo Escala a Mauricio Barbosa]"	"Escala, Manuel Segundo"		"1859/11/25"	"Chile-Octava Región-Arauco"	"1 h."	"Barbosa, Mauricio"				
3	"AH0165"	"[Carta del 26 de noviembre de 1859 de Manuel Segundo Escala a Mauricio Barbosa]"	"Escala, Manuel Segundo"		"1859/11/26"	"Chile-Octava Región-Bahía de Arauco"	"1 h."	"Barbosa, Mauricio"				
3	"AH0166"	"[Carta del 24 de noviembre de 1859 de Jorge Wood al coronel comandante en jefe de las fuerzas de Arauco]"	"Wood, Jorge"		"1859/11/24"	"Chile-Octava Región-Vapor Maipú, Lota"	"1 h."					
3	"AH0167"	"[Carta del 26 de noviembre de 1859 de Nicolás Saavedra al Comandante en Jefe de las Fuerzas de Arauco]"	"Saavedra, Nicolás"		"1859/11/26"	"Chile-Octava Región-Lota"	"1 h."					
3	"AH0168"	"[Carta del 26 de noviembre de 1859 de Cornelio Saavedra a Mauricio Barbosa]"	"Saavedra, Cornelio"		"1859/11/26"	"Chile-Quinta Región-Valparaíso"	"1 h."	"Barbosa, Mauricio"				
3	"AH0169"	"[Carta del 26 de noviembre de 1859 de Aniceto Cordovez a Mauricio Barbosa]"	"Cordovez, Aniceto "		"1859/11/26"	"Chile-Octava Región-Concepción"	"1 h."	"Barbosa, Mauricio"				
3	"AH0170"	"[Carta del 27 de noviembre de 1859 de Jorge Wood al coronel comandante en jefe de las fuerzas de Arauco]"	"Wood, Jorge"		"1859/11/27"	"Chile-Octava Región-Lota"	"1 h."					
3	"AH0171"	"[Carta del 28 de noviembre de 1859 de Avello a Mauricio Barbosa]"	"Avello, Juan"		"1859/11/28"	"Chile-Octava Región-Concepción"	"1 h."	"Barbosa, Mauricio"				
3	"AH0172"	"[Carta del 30 de noviembre de 1859 de Aniceto Cordovez a Mauricio Barbosa]"	"Cordovez, Aniceto "		"1859/11/30"	"Chile-Octava Región-Concepción"	"1 h."	"Barbosa, Mauricio"				
3	"AH0173"	"[Carta del 30 de noviembre de 1859 de Vincente Villalon a Mauricio Barbosa]"	"Villalón, Vicente"		"1859/11/30"	"Chile-Octava Región-Los Ángeles"	"2 h."	"Barbosa, Mauricio"				
3	"AH0174"	"Inventario de municiones, atalaje, piezas de artillería, armas y pertrechos de guerra existentes en el Departamento de Arauco al 30 de noviembre de 1859"			"1859/11/30"	"Chile-Octava Región-Arauco"	"1 h."		"Arauco"			
3	"AH0175"	"[Carta del 02 de diciembre de 1859 de Vicente Villalon a Mauricio Barbosa]"	"Villalón, Vicente"		"1859/12/02"	"Chile-Octava Región-Los Ángeles"	"1 h."	"Barbosa, Mauricio"				
3	"AH0176"	"[Carta del 03 de diciembre de 1859 de Manuel Segundo Escala a Mauricio Barbosa]"	"Escala, Manuel Segundo"		"1859/12/03"	"Chile-Octava Región-Arauco"	"1 h."	"Barbosa, Mauricio"				
3	"AH0177"	"[Carta del 05 de diciembre de 1859 a Manuel Montt]"			"1859/12/05"	"Chile-Octava Región-Arauco"	"2 h."	"Montt, Manuel"				"Sin firma"
3	"AH0178"	"[Carta del 04 de diciembre de 1859 de Manuel García a Mauricio Barbosa]"	"García, Manuel "		"1859/12/04"	"Chile-Región Metropolitana-Santiago"	"1 h."	"Barbosa, Mauricio"				
3	"AH0179"	"[Carta del 05 de diciembre de 1859 de Manuel García a Mauricio Barbosa]"	"García, Manuel "		"1859/12/05"	"Chile-Región Metropolitana-Santiago"	"1 h."	"Barbosa, Mauricio"				
3	"AH0180"	"[Circular de Cornelio Saavedra a Mauricio Barbosa]"	"Saavedra, Cornelio"		"1859/12/06"	"Chile-Quinta Región-Valparaíso"	"1 h."	"Barbosa, Mauricio"				
3	"AH0181"	"[Carta del 06 de diciembre de 1859 de Cornelio Saavedra a Mauricio Barbosa]"	"Saavedra, Cornelio"		"1859/12/06"	"Chile-Quinta Región-Valparaíso"	"1 h."	"Barbosa, Mauricio"				
3	"AH0182"	"[Carta del 08 de diciembre de 1859 de Vicente Villalon a Mauricio Barbosa]"	"Villalón, Vicente"		"1859/12/08"	"Chile-Octava Región-Los Ángeles"	"1 h."	"Barbosa, Mauricio"				
3	"AH0183"	"[Carta del 08 de diciembre de 1859 de Aniceto Cordovez a Mauricio Barbosa]"	"Cordovez, Aniceto "		"1859/12/08"	"Chile-Octava Región-Concepción"	"1 h."	"Barbosa, Mauricio"				
3	"AH0184"	"[Carta del 10 de diciembre de 1859 de Cornelio Saavedra a Mauricio Barbosa]"	"Saavedra, Cornelio"		"1859/12/10"	"Chile-Quinta Región-Valparaíso"	"1 h."	"Barbosa, Mauricio"				
3	"AH0185"	"[Carta del 12 de diciembre de 1859 de Andrés Campos a Vicente Villalón]"	"Campos, Andrés"		"1859/12/12"	"Chile-Octava Región-Nacimiento"	"1 h."	"Villalón, Vicente"				
3	"AH0186"	"[Carta del 12 de diciembre de 1859 de Andrés Campos al cacique Pinolesí]"	"Campos, Andrés"		"1859/12/12"	"Chile-Octava Región-Nacimiento"	"1 h."	"Cacique Pinolesí"				
3	"AH0187"	"[Carta del 12 de diciembre de 1859 de Andrés Campos al cacique José Catrileo]"	"Campos, Andrés"		"1859/12/12"	"Chile-Octava Región-Nacimiento"	"1 h."	"Catrileo, José"				
3	"AH0188"	"[Carta del 13 de diciembre de 1859 de Vicente Villalon a Mauricio Barbosa]"	"Villalón, Vicente"		"1859/12/13"	"Chile-Octava Región-Los Ángeles"	"1 h."	"Barbosa, Mauricio"				
3	"AH0189"	"[Carta del 14 de diciembre de 1859 de José del Carmen Díaz a Mauricio Barbosa]"	"Díaz, José Del Carmen"		"1859/12/14"	"Chile-Octava Región-Arauco"	"1 h."	"Barbosa, Mauricio"				
3	"AH0190"	"[Carta del 14 de diciembre de 1859 de Vicente Villalon a Mauricio Barbosa]"	"Villalón, Vicente"		"1859/12/14"	"Chile-Octava Región-Nacimiento"	"1 h."	"Barbosa, Mauricio"				
3	"AH0191"	"[Carta del 15 de diciembre de 1859 de Vicente Villalón a Mauricio Barbosa]"	"Villalón, Vicente"		"1859/12/15"	"Chile-Octava Región-Los Ángeles"	"1 h."	"Barbosa, Mauricio"				
3	"AH0192"	"[Carta del 19 de diciembre de 1859 de José Sepúlveda a Mauricio Barbosa] "	"Sepúlveda, José"		"1859/12/19"	"Chile-Octava Región-Nacimiento"	"1 h."	"Barbosa, Mauricio"				
3	"AH0193"	"[Carta del 15 de diciembre de 1859 de José del Carmen Díaz a Mauricio Barbosa]"	"Díaz, José Del Carmen"		"1859/12/15"	"Chile-Octava Región-Arauco"	"1 h."	"Barbosa, Mauricio"				
3	"AH0194"	"[Carta del 16 de diciembre de 1859 de Cornelio Saavedra a Mauricio Barbosa]"	"Saavedra, Cornelio"		"1859/12/16"	"Chile-Quinta Región-Valparaíso"	"1 h."	"Barbosa, Mauricio"				
3	"AH0195"	"[Carta del 16 de diciembre de 1859 de José del Carmen Díaz a Mauricio Barbosa]"	"Díaz, José Del Carmen"		"1859/12/16"	"Chile-Octava Región-Arauco"	"1 h."	"Barbosa, Mauricio"				
3	"AH0196"	"[Carta del 17 de diciembre de 1859 de Manuel Segundo Escala a Mauricio Barbosa]"	"Escala, Manuel Segundo"		"1859/12/17"	"Chile-Octava Región-Bahía de Arauco"	"1 h."	"Barbosa, Mauricio"				
3	"AH0197"	"[Carta del 17 de diciembre de 1859 de Manuel Segundo Escala a Mauricio Barbosa]"	"Escala, Manuel Segundo"		"1859/12/17"	"Chile-Octava Región-Bahía de Arauco"	"1 h."	"Barbosa, Mauricio"				
3	"AH0198"	"[Carta del 23 de diciembre de 1859 de Cornelio Saavedra a Mauricio Barbosa]"	"Saavedra, Cornelio"		"1859/12/23"	"Chile-Quinta Región-Valparaíso"	"2 h."	"Barbosa, Mauricio"				
3	"AH0199"	"[Carta del 26 de diciembre de 1859 de José del Carmen Díaz a Mauricio Barbosa]"	"Díaz, José Del Carmen"		"1859/12/26"	"Chile-Octava Región-Arauco"	"1 h."	"Barbosa, Mauricio"				
3	"AH0200"	"[Carta del 26 de diciembre de 1859 de José del Carmen Díaz a Mauricio Barbosa]"	"Díaz, José Del Carmen"		"1859/12/26"	"Chile-Octava Región-Arauco"	"1 h."	"Barbosa, Mauricio"				
3	"AH0201"	"[Carta del 27 de diciembre de 1859 de Manuel Segundo Escala a Comandante en Jefe de la división de operaciones de Arauco]"	"Escala, Manuel Segundo"		"1859/12/27"	"Chile-Octava Región-Arauco"	"1 h."					
3	"AH0202"	"[Carta del 21 de diciembre de 1859 de Nicolás Saavedra al Comandante en Jefe de las Fuerzas de Arauco]"	"Saavedra, Nicolás"		"1859/12/21"	"Chile-Octava Región-Lebu"	"1 h."					
3	"AH0203"	"[Carta del 02 de enero de 1860 de José del Carmen Díaz a Mauricio Barbosa]"	"Díaz, José Del Carmen"		"1860/01/02"	"Chile-Octava Región-Arauco"	"1 h."	"Barbosa, Mauricio"				
3	"AH0204"	"[Carta del 02 de enero de 1860 de José del Carmen Díaz a Mauricio Barbosa]"	"Díaz, José Del Carmen"		"1860/01/02"	"Chile-Octava Región-Arauco"	"1 h."	"Barbosa, Mauricio"				
3	"AH0205"	"[Carta del 05 de enero de 1860 de José del Carmen Díaz a Mauricio Barbosa]"	"Díaz, José Del Carmen"		"1860/01/05"	"Chile-Octava Región-Arauco"	"1 h."	"Barbosa, Mauricio"				
3	"AH0206"	"[Carta del 05 de enero de 1860 de José del Carmen Díaz a Mauricio Barbosa]"	"Díaz, José Del Carmen"		"1860/01/05"	"Chile-Octava Región-Arauco"	"1 h."	"Barbosa, Mauricio"				
3	"AH0207"	"[Carta del 10 de enero de 1860 de José del Carmen Díaz a Mauricio Barbosa]"	"Díaz, José Del Carmen"		"1860/01/10"	"Chile-Octava Región-Arauco"	"1 h."	"Barbosa, Mauricio"				
3	"AH0208"	"[Carta del 14 de enero de 1860 de Manuel Segundo Escala a Mauricio Barbosa]"	"Escala, Manuel Segundo"		"1860/01/14"	"Chile-Octava Región-Bahía de Arauco"	"1 h."	"Barbosa, Mauricio"				
3	"AH0209"	"[Carta del 15 de enero de 1860 de José del Carmen Díaz a Mauricio Barbosa]"	"Díaz, José Del Carmen"		"1860/01/15"	"Chile-Octava Región-Arauco"	"1 h."	"Barbosa, Mauricio"				
3	"AH0210"	"[Carta del 15 de enero de 1860 de José del Carmen Díaz a Mauricio Barbosa]"	"Díaz, José Del Carmen"		"1860/01/15"	"Chile-Octava Región-Arauco"	"1 h."	"Barbosa, Mauricio"				
3	"AH0211"	"[Carta del 18 de enero de 1860 de Cornelio Saavedra a Mauricio Barbosa]"	"Saavedra, Cornelio"		"1860/01/18"	"Chile-Quinta Región-Valparaíso"	"1 h."	"Barbosa, Mauricio"				
3	"AH0212"	"[Carta del 20 de enero de 1860 de Manuel García a Mauricio Barbosa]"	"García, Manuel "		"1860/01/20"	"Chile-Región Metropolitana-Santiago"	"1 h."	"Barbosa, Mauricio"				
3	"AH0213"	"[Carta del 22 de enero de 1860 de José Antonio Quezada a Mauricio Barbosa]"	"Quezada, José Antonio"		"1860/01/22"	"Chile-Paicaví"	"1 h."	"Barbosa, Mauricio"				
3	"AH0214"	"[Carta del 22 de enero de 1860 de José del Carmen Díaz a Mauricio Barbosa]"	"Díaz, José Del Carmen"		"1860/01/22"	"Chile-Octava Región-Arauco"	"2 h."	"Barbosa, Mauricio"				
3	"AH0215"	"[Carta del 23 de enero de 1860 de Manuel Segundo Escala]"	"Escala, Manuel Segundo"		"1860/01/23"	"Chile-Octava Región-Bahía de Arauco"	"2 h."					
3	"AH0216"	"[Carta del 24 de enero de 1860 de Manuel García a Mauricio Barbosa]"	"García, Manuel "		"1860/01/24"	"Chile-Región Metropolitana-Santiago"	"1 h."	"Barbosa, Mauricio"				
3	"AH0217"	"[Carta del 24 de enero de 1860 de José Sepúlveda a Mauricio Barbosa] "	"Sepúlveda, José"		"1860/01/24"	"Chile-Octava Región-Nacimiento"	"1 h."	"Barbosa, Mauricio"				
3	"AH0218"	"[Carta del 25 de enero de 1860 de José Antonio Quezada a Mauricio Barbosa]"	"Quezada, José Antonio"		"1860/01/25"	"Chile-Paicaví"	"1 h."	"Barbosa, Mauricio"				
3	"AH0219"	"[Carta del 20 de enero de 1860 de Cornelio Saavedra a Mauricio Barbosa]"	"Saavedra, Cornelio"		"1860/01/20"	"Chile-Quinta Región-Valparaíso"	"1 h."	"Barbosa, Mauricio"				
3	"AH0220"	"[Carta del 26 de enero de 1860 de Cornelio Saavedra a Mauricio Barbosa]"	"Saavedra, Cornelio"		"1860/01/26"	"Chile-Quinta Región-Valparaíso"	"1 h."	"Barbosa, Mauricio"				
3	"AH0221"	"[Carta del 27 de enero de 1860 de José del Carmen Díaz a Mauricio Barbosa]"	"Díaz, José Del Carmen"		"1860/01/27"	"Chile-Octava Región-Arauco"	"1 h."	"Barbosa, Mauricio"				
3	"AH0222"	"[Carta del 27 de enero de 1860 de José del Carmen Díaz a Mauricio Barbosa]"	"Díaz, José Del Carmen"		"1860/01/27"	"Chile-Octava Región-Arauco"	"1 h."	"Barbosa, Mauricio"				
3	"AH0223"	"[Carta del 27 de enero de 1860 de José del Carmen Díaz a Mauricio Barbosa]"	"Díaz, José Del Carmen"		"1860/01/27"	"Chile-Octava Región-Arauco"	"1 h."	"Barbosa, Mauricio"				
3	"AH0224"	"[Carta del 27 de enero de 1860 de José del Carmen Díaz a Mauricio Barbosa]"	"Díaz, José Del Carmen"		"1860/01/27"	"Chile-Octava Región-Arauco"	"1 h."	"Barbosa, Mauricio"				
3	"AH0225"	"[Carta del 30 de enero de 1860 de José Antonio a Mauricio Barbosa]"	"Quezada, José Antonio"		"1860/01/30"	"Chile-Octava Región-Arauco"	"1 h."	"Barbosa, Mauricio"				
3	"AH0226"	"[Carta del 01 de febrero de 1860 de José María Alvarado a Mauricio Barbosa]"	"Alvarado, José María"		"1860/02/01"	"Chile-Paicaví"	"1 h."	"Barbosa, Mauricio"				
3	"AH0227"	"[Carta del 01 de febrero de 1860 de Vicente Villalón a Mauricio Barbosa]"	"Villalón, Vicente"		"1860/02/01"	"Chile-Octava Región-Los Ángeles"	"1 h."	"Barbosa, Mauricio"				
3	"AH0228"	"[Carta del 01 de febrero de 1860 de Vicente Villalón a Mauricio Barbosa]"	"Villalón, Vicente"		"1860/02/01"	"Chile-Octava Región-Los Ángeles"	"1 h."	"Barbosa, Mauricio"				
3	"AH0229"	"[Carta del 02 de febrero de 1860 de José del Carmen Díaz a Mauricio Barbosa]"	"Díaz, José Del Carmen"		"1860/02/02"	"Chile-Octava Región-Arauco"	"1 h."	"Barbosa, Mauricio"				
3	"AH0230"	"[Carta del 02 de febrero de 1860 de José del Carmen Díaz a Mauricio Barbosa]"	"Díaz, José Del Carmen"		"1860/02/02"	"Chile-Octava Región-Lebu"	"1 h."	"Barbosa, Mauricio"				
3	"AH0231"	"[Carta del 03 de febrero de 1860 de José Antonio Quezada a Mauricio Barbosa]"	"Quezada, José Antonio"		"1860/02/03"	"Chile-Octava Región-Arauco"	"1 h."	"Barbosa, Mauricio"				
3	"AH0232"	"[Carta del 05 de febrero de 1860 de José del Carmen Díaz Mauricio Barbosa]"	"Díaz, José Del Carmen"		"1860/02/05"	"Chile-Octava Región-Arauco"	"1 h."	"Barbosa, Mauricio"				
3	"AH0233"	"[Carta del 05 de febrero de 1860 de José del Carmen Díaz a Mauricio Barbosa]"	"Díaz, José Del Carmen"		"1860/02/05"	"Chile-Octava Región-Arauco"	"1 h."	"Barbosa, Mauricio"				
3	"AH0234"	"[Carta del 07 de febrero de 1860 de Vicente Villalón a Comandante de un batallón]"	"Villalón, Vicente"		"1860/02/07"	"Chile-Octava Región-Los Ángeles"	"1 h."					
3	"AH0235"	"[Carta del 07 de febrero de 1860 de Vicenten Villalón a Mauricio Barbosa]"	"Villalón, Vicente"		"1860/02/07"	"Chile-Octava Región-Los Ángeles"	"1 h."	"Barbosa, Mauricio"				
3	"AH0236"	"[Carta del 10 de febrero de 1860 de José del Carmen Díaz a Mauricio Barbosa]"	"Díaz, José Del Carmen"		"1860/02/10"	"Chile-Octava Región-Arauco"	"1 h."	"Barbosa, Mauricio"				
3	"AH0237"	"[Carta del 10 de febrero de 1860 de José del Carmen Díaz a Mauricio Barbosa]"	"Díaz, José Del Carmen"		"1860/02/10"	"Chile-Octava Región-Arauco"	"1 h."	"Barbosa, Mauricio"				
3	"AH0238"	"[Carta del 11 de febrero de 1860 de José Antonio Quezada a Mauricio Barbosa]"	"Quezada, José Antonio"		"1860/02/11"	"Chile-Octava Región-Arauco"	"1 h."	"Barbosa, Mauricio"				
3	"AH0239"	"[Carta del 11 de febrero de 1860 de José Antonio Quezada a Mauricio Barbosa]"	"Quezada, José Antonio"		"1860/02/11"	"Chile-Octava Región-Arauco"	"1 h."	"Barbosa, Mauricio"				
3	"AH0240"	"[Carta del 11 de febrero de 1860 de Vicente Villalón a Mauricio Barbosa]"	"Villalón, Vicente"		"1860/02/11"	"Chile-Octava Región-Los Ángeles"	"1 h."	"Barbosa, Mauricio"				
3	"AH0241"	"[Carta del 11 de febrero de 1860 de Vicente Villalón a Mauricio Barbosa]"	"Villalón, Vicente"		"1860/02/11"	"Chile-Octava Región-Los Ángeles"	"1 h."	"Barbosa, Mauricio"				
3	"AH0242"	"[Carta del 12 de febrero de 1860 de José del Carmen Díaz a Mauricio Barbosa]"	"Díaz, José Del Carmen"		"1860/02/12"	"Chile-Octava Región-Arauco"	"1 h."	"Barbosa, Mauricio"				
3	"AH0243"	"[Carta del 18 de febrero de 1860 de José Antonio Quezada a Mauricio Barbosa]"	"Quezada, José Antonio"		"1860/02/18"	"Chile-Octava Región-Arauco"	"1 h."	"Barbosa, Mauricio"				
3	"AH0244"	"[Carta del 18 de febrero de 1860 de José del Carmen Díaz a Mauricio Barbosa]"	"Díaz, José Del Carmen"		"1860/02/18"	"Chile-Octava Región-Arauco"	"1 h."	"Barbosa, Mauricio"				
3	"AH0245"	"[Carta del 20 de febrero de 1860 de José Antonio Quezada a Mauricio Barbosa]"	"Quezada, José Antonio"		"1860/02/20"	"Chile-Octava Región-Arauco"	"1 h."	"Barbosa, Mauricio"				
3	"AH0246"	"[Carta del 20 de febrero de 1860 de Vicente Villalón a Mauricio Barbosa]"	"Villalón, Vicente"		"1860/02/20"	"Chile-Octava Región-Los Ángeles"	"1 h."	"Barbosa, Mauricio"				
3	"AH0247"	"[Carta del 20 de febrero de 1860 de Manuel García a Mauricio Barbosa]"	"García, Manuel "		"1860/02/20"	"Chile-Región Metropolitana-Santiago"	"1 h."	"Barbosa, Mauricio"				
3	"AH0248"	"[Carta del 20 de febrero de 1860 de Rafael Sotomayor a Mauricio Barbosa]"	"Sotomayor, Rafael"		"1860/02/20"	"Chile-Octava Región-Los Ángeles"	"1 h."	"Barbosa, Mauricio"				
3	"AH0249"	"[Carta del 20 de febrero de 1860 de P. Nuñez a Mauricio Barbosa]"	"Nuñez, P."		"1860/02/20"	"Chile-Octava Región-Los Ángeles"	"1 h."	"Barbosa, Mauricio"				
3	"AH0250"	"[Carta del 20 de febrero de 1860 de Vicente Villalón a Mauricio Barbosa]"	"Villalón, Vicente"		"1860/02/20"	"Chile-Octava Región-Los Ángeles"	"1 h."	"Barbosa, Mauricio"				
3	"AH0251"	"[Carta del 21 de febrero de 1860 de José Antonio Quezada a Gobernador de Arauco]"	"Quezada, José Antonio"		"1860/02/21"	"Chile-Octava Región-Arauco"	"1 h."					
3	"AH0252"	"[Carta del 21 de febrero de 1860 de Cornelio Saavedra a Mauricio Barbosa]"	"Saavedra, Cornelio"		"1860/02/21"	"Chile-Quinta Región-Valparaíso"	"1 h."	"Barbosa, Mauricio"				
3	"AH0253"	"[Carta del 23 de febrero de 1860 de Vicente Pérez Rosales a Mauricio Barbosa]"	"Pérez Rosales, Vicente"		"1860/02/23"	"Chile-Octava Región-Concepción"	"1 h."	"Barbosa, Mauricio"				
3	"AH0254"	"[Carta del 24 de febrero de 1860 de José Antonio Quezada a Mauricio Barbosa]"	"Quezada, José Antonio"		"1860/02/24"	"Chile-Octava Región-Arauco"	"1 h."	"Barbosa, Mauricio"				
3	"AH0255"	"[Carta del 24 de febrero de 1860 de Cornelio Saavedra a Mauricio Barbosa]"	"Saavedra, Cornelio"		"1860/02/24"	"Chile-Quinta Región-Valparaíso"	"1 h."	"Barbosa, Mauricio"				
3	"AH0256"	"[Carta del 25 de febrero de 1860 de Manuel García a Mauricio Barbosa]"	"García, Manuel"		"1860/02/25"	"Chile-Quinta Región-Valparaíso"	"1 h."	"Barbosa, Mauricio"				
3	"AH0257"	"[Carta del 27 de febrero de 1860 a Mauricio Barbosa]"			"1860/02/27"	"Chile-Octava Región-Gualpen"	"1 h."	"Barbosa, Mauricio"				
3	"AH0258"	"[Carta del 12 de abril de 1860 de Juan Contreras a Mauricio Barbosa]"	"Contreras, Juan"		"1860/04/12"	"Chile-Octava Región-Arauco"	"1 h."	"Barbosa, Mauricio"				
3	"AH0259"	"[Carta del 04 de abril de 1860 de Manuel García a Mauricio Barbosa]"	"García, Manuel "		"1860/04/04"	"Chile-Región Metropolitana-Santiago"	"1 h."	"Barbosa, Mauricio"				
3	"AH0260"	"[Carta del 11 de abril de 1860 de Juan Williams a Mauricio Barbosa]"	"Williams, Juan"		"1860/04/11"	"Chile-Octava Región-Arauco"	"1 h."	"Barbosa, Mauricio"				
3	"AH0261"	"[Carta del 11 de abril de 1860 de Vicente Pérez Rosales a Mauricio Barbosa]"	"Pérez Rosales, Vicente"		"1860/04/11"	"Chile-Octava Región-Concepción"	"1 h."	"Barbosa, Mauricio"				
3	"AH0262"	"[Carta del 13 de abril de 1860 de Andrés A. Araya a Mauricio Barbosa]"	"Araya, Andrés A."		"1860/04/13"	"Chile-Octava Región-Talcahuano"	"1 h."	"Barbosa, Mauricio"				
3	"AH0263"	"[Factura de Isidro Salas a Mauricio Barbosa]"	"Salas, Isidro"		"1860/04/11"	"Chile-Octava Región-Concepción"	"1 h."	"Barbosa, Mauricio"				
3	"AH0264"	"[Carta del 13 de abril de 1860 de Vicente Villalón a Mauricio Barbosa]"	"Villalón, Vicente"		"1860/04/13"	"Chile-Octava Región-Los Ángeles"	"1 h."	"Barbosa, Mauricio"				
3	"AH0265"	"[Carta del 20 de abril de 1860 de Cornelio Saavedra a Mauricio Barbosa]"	"Saavedra, Cornelio"		"1860/04/20"	"Chile-Quinta Región-Valparaíso"	"1 h."	"Barbosa, Mauricio"				
3	"AH0266"	"[Carta del 22 de abril de 1860 de Cornelio Saavedra a Vicente Villalón]"	"Saavedra, Cornelio"		"1860/04/22"	"Chile-Quinta Región-Valparaíso"	"1 h."	"Villalón, Vicente"				
3	"AH0267"	"[Carta del 02 de mayo de 1860 de Juan Contreras a Mauricio Barbosa]"	"Contreras, Juan"		"1860/05/02"	"Chile-Octava Región-Arauco"	"1 h."	"Barbosa, Mauricio"				
3	"AH0268"	"[Carta del 09 de mayo de 1860 de Daniel García Videla a Maurcicio Barbosa]"	"García Videla, Daniel"		"1860/05/09"	"Chile-Quinta Región-Tucapel"	"2 h."	"Barbosa, Mauricio"				
3	"AH0269"	"[Carta del 09 de mayo de 1860 de Daniel García Videla a Maurcicio Barbosa]"	"García Videla, Daniel"		"1860/05/09"	"Chile-Quinta Región-Tucapel"	"1 h."	"Barbosa, Mauricio"				
3	"AH0270"	"[Carta del 11 de mayo de 1860 de Juan Contreras a Mauricio Barbosa]"	"Contreras, Juan"		"1860/05/11"	"Chile-Octava Región-Arauco"	"1 h."	"Barbosa, Mauricio"				
3	"AH0271"	"[Carta del 20 de mayo de 1860 de Juan Contreras al Comandante de Armas]"	"Contreras, Juan"		"1860/05/20"	"Chile-Quinta Región-Tucapel"	"1 h."					
3	"AH0272"	"[Carta del 25 de mayo de 1860 de Juan Contreras a Mauricio Barbosa]"	"Contreras, Juan"		"1860/05/25"	"Chile-Quinta Región-Tucapel"	"1 h."	"Barbosa, Mauricio"				
3	"AH0273"	"[Carta del 06 de junio de 1860 de Eleuterio Ramírez a Mauricio Barbosa]"	"Ramírez, Eleuterio"		"1860/06/06"	"Chile-Quinta Región-Tucapel"	"1 h."	"Barbosa, Mauricio"				
3	"AH0274"	"[Carta del 06 de junio de 1860 de Avello J. a Mauricio Barbosa]"	"Avello, Juan"		"1860/06/06"	"Chile-Octava Región-Santa Juana"	"1 h."	"Barbosa, Mauricio"				
3	"AH0275"	"[Carta del 07 de junio de 1860 de Daniel García Videla a Maurcicio Barbosa]"	"García Videla, Daniel"		"1860/06/07"	"Chile-Octava Región-Coronel"	"1 h."	"Barbosa, Mauricio"				
3	"AH0276"	"[Carta del 08 de junio de 1860 de Juan Contreras a Mauricio Barbosa]"	"Contreras, Juan"		"1860/06/08"	"Chile-Quinta Región-Tucapel"	"1 h."	"Barbosa, Mauricio"				
3	"AH0277"	"[Carta del 11 de junio de 1860 de Juan Contreras a Mauricio Barbosa]"	"Contreras, Juan"		"1860/06/11"	"Chile-Quinta Región-Tucapel"	"1 h."	"Barbosa, Mauricio"				
3	"AH0278"	"[Carta del 13 de junio de 1860 de Vicente Villalón a Mauricio Barbosa]"	"Villalón, Vicente"		"1860/06/13"	"Chile-Octava Región-Los Ángeles"	"1 h."	"Barbosa, Mauricio"				
3	"AH0279"	"[Carta anónima del 18 de junio de 1860 ]"			"1860/06/18"	"Chile-Quinta Región-Tucapel"	"1 h."		"Tucapel"			
3	"AH0280"	"[Carta del 18 de junio de 1860 de Juan Contreras a Mauricio Barbosa]"	"Contreras, Juan"		"1860/06/18"	"Chile-Quinta Región-Tucapel"	"1 h."	"Barbosa, Mauricio"				
3	"AH0281"	"[Carta del 22 de junio de 1860 de Vicente Villalón a Mauricio Barbosa]"	"Villalón, Vicente"		"1860/06/22"	"Chile-Octava Región-Los Ángeles"	"1 h."	"Barbosa, Mauricio"				
3	"AH0282"	"[Carta del 22 de junio de 1860 de Juan Contreras a Mauricio Barbosa]"	"Contreras, Juan"		"1860/06/22"	"Chile-Quinta Región-Tucapel"	"1 h."	"Barbosa, Mauricio"				
3	"AH0283"	"[Carta del 22 de junio de 1860 de Vicente Villalón a Mauricio Barbosa]"	"Villalón, Vicente"		"1860/06/22"	"Chile-Octava Región-Los Ángeles"	"1 h."	"Barbosa, Mauricio"				
3	"AH0284"	"[Carta del 23 de junio de 1860 de Vicente Villalón a Mauricio Barbosa]"	"Villalón, Vicente"		"1860/06/23"	"Chile-Octava Región-Los Ángeles"	"1 h."	"Barbosa, Mauricio"				
3	"AH0285"	"[Carta del 23 de junio de 1860 de Vicente Villalón a Mauricio Barbosa]"	"Villalón, Vicente"		"1860/06/23"	"Chile-Octava Región-Los Ángeles"	"1 h."	"Barbosa, Mauricio"				
3	"AH0286"	"[Carta del 23 de junio de 1860 de Vicente Villalón a Comandante de Armas de Arauco]"	"Villalón, Vicente"		"1860/06/23"	"Chile-Octava Región-Los Ángeles"	"1 h."					
3	"AH0287"	"[Carta del 23 de junio de 1860 de Vicente Villalón a Mauricio Barbosa]"	"Villalón, Vicente"		"1860/06/23"	"Chile-Octava Región-Los Ángeles"	"1 h."	"Barbosa, Mauricio"				
3	"AH0288"	"[Carta del 23 de junio de 1860 de Juan Contreras a Mauricio Barbosa]"	"Contreras, Juan"		"1860/06/23"	"Chile-Quinta Región-Tucapel"	"1 h."	"Barbosa, Mauricio"				
3	"AH0289"	"[Carta del 25 de junio de 1860 de Juan Contreras a Mauricio Barbosa]"	"Contreras, Juan"		"1860/06/25"	"Chile-Quinta Región-Tucapel"	"1 h."	"Barbosa, Mauricio"				
3	"AH0290"	"[Carta del 27 de junio de 1860 a Mauricio Barbosa]"			"1860/06/27"	"Chile-Octava Región-Nacimiento"	"1 h."	"Barbosa, Mauricio"				
3	"AH0291"	"[Carta del 28 de junio de 1860 de Juan Contreras a Mauricio Barbosa]"	"Contreras, Juan"		"1860/06/28"	"Chile-Quinta Región-Tucapel"	"1 h."	"Barbosa, Mauricio"				
3	"AH0292"	"[Carta del 28 de junio de 1860 de Juan Contreras a Mauricio Barbosa]"	"Contreras, Juan"		"1860/06/28"	"Chile-Quinta Región-Tucapel"	"1 h."	"Barbosa, Mauricio"				
3	"AH0293"	"[Carta del 28 de junio de 1860 de Juan Contreras a Mauricio Barbosa]"	"Contreras, Juan"		"1860/06/28"	"Chile-Quinta Región-Tucapel"	"1 h."	"Barbosa, Mauricio"				
3	"AH0294"	"[Carta del 28 de junio de 1860 de Eleuterio Ramírez a Mauricio Barbosa]"	"Ramírez, Eleuterio"		"1860/06/28"	"Chile-Quinta Región-Tucapel"	"1 h."	"Barbosa, Mauricio"				
3	"AH0295"	"[Carta del 28 de junio de 1860 de Daniel García Videla a Maurcicio Barbosa]"	"García Videla, Daniel"		"1860/06/28"	"Chile-Quinta Región-Tucapel"	"1 h."	"Barbosa, Mauricio"				
3	"AH0296"	"[Carta del 03 de junio de 1860 de Vicente Villalón a Mauricio Barbosa]"	"Villalón, Vicente"		"1860/06/03"	"Chile-Octava Región-Los Ángeles"	"1 h."	"Barbosa, Mauricio"				
3	"AH0297"	"[Carta del 05 de junio de 1860 de Juan Contreras a Mauricio Barbosa]"	"Contreras, Juan"		"1860/06/05"	"Chile-Quinta Región-Tucapel"	"1 h."	"Barbosa, Mauricio"				
3	"AH0298"	"[Carta del 05 de junio de 1860 de Vicente Villalón a Mauricio Barbosa]"	"Villalón, Vicente"		"1860/06/05"	"Chile-Octava Región-Los Ángeles"	"1 h."	"Barbosa, Mauricio"				
3	"AH0299"	"[Carta del 10 de junio de 1860 de Cornelio Saavedra a Mauricio Barbosa]"	"Saavedra, Cornelio"		"1860/06/10"	"Chile-Quinta Región-Valparaíso"	"1 h."	"Barbosa, Mauricio"				
3	"AH0300"	"[Carta del 10 de junio de 1860 de Cornelio Saavedra a José Antonio Quezada"	"Saavedra, Cornelio"		"1860/06/10"	"Chile-Quinta Región-Valparaíso"	"1 h."	"Quezada, José Antonio"				
4	"AH0301"	"[Carta del 17 de julio de 1860 de Cornelio Saavedra a su amigo Mauricio Barbosa]"	"Saavedra, Cornelio"		"1860/07/17"	"Chile-Quinta Región-Valparaíso"	"1 h."	"Barbosa, Mauricio"	"Arauco"			
4	"AH0302"	"[Nota Nº 75 de Santiago Amengual al Señor Comandante de Armas del departamento de Arauco]"	"Amengual, Santiago"		"1860/07/18"	"Chile-Región Metropolitana-San Bernardo"	"1 h."	"Barbosa, Mauricio"	"Arauco"			
4	"AH0303"	"[Nota Nº 129 de Vicente Villalón al Comandante de Armas del Departamento de Arauco]"	"Villalón, Vicente"		"1860/07/19"	"Chile-Octava Región-Ángeles"	"1 h."		"Arauco"			
4	"AH0304"	"[Carta del 29 de julio de 1860 de Vicente Villalón al Comandante Mauricio Barbosa]"	"Villalón, Vicente"		"1860/07/29"	"Chile-Octava Región-Ángeles"	"2 h."	"Barbosa, Mauricio"	"Arauco"			
4	"AH0305"	"[Carta del 27 de julio de 1860 de P. [Mi…] a Mauricio Barbosa]"			"1860/07/27"	"Chile-Octava Región-Ángeles"	"2 h."	"Barbosa, Mauricio"	"Arauco"			
4	"AH0306"	"[Nota Nº 135 de Vicente Villalón al Comandante de Armas de Arauco]"	"Villalón, Vicente"		"1860/08/10"	"Chile-Octava Región-Ángeles"	"1 h."		"Arauco"			
4	"AH0307"	"[Nota Nº 136 de Vicente Villalón al Comandante de Armas de Arauco]"	"Villalón, Vicente"		"1860/08/09"	"Chile-Octava Región-Ángeles"	"1 h."		"Arauco"			
4	"AH0308"	"[Nota Nº 137 de Vicente Villalón al Comandante de Armas de Arauco]"	"Villalón, Vicente"		"1860/08/13"	"Chile-Octava Región-Ángeles"	"1 h."		"Arauco"			
4	"AH0309"	"[Nota Nº 108 de José Antonio Quezada al Comandante de Armas del Departamento de Arauco]"	"Quezada, José Antonio"		"1860/08/20"	"Chile-Octava Región-Arauco"	"1 h."		"Arauco"			
4	"AH0310"	"[Nota Nº 135 de Pedro Lagos al Gobernador Comandante de Armas del Departamento de Arauco]"	"Lagos, Pedro"		"1860/08/31"	"Chile-Octava Región-Nacimiento"	"1 h."	"Barbosa, Mauricio"	"Arauco"			
4	"AH0311"	"[Nota Nº 140 de Toribio Fernández al Comandante de Armas de Arauco]"	"Fernández, Toribio"		"1860/08/23"	"Chile-Octava Región-Ángeles"	"1 h."		"Arauco"			
4	"AH0312"	"[Circular Nº 17 de Toribio Fernández al Comandante de Armas de Arauco]"	"Fernández, Toribio"		"1860/09/03"	"Chile-Octava Región-Ángeles"	"1 h."		"Arauco"			
4	"AH0313"	"[Carta del 10 de diciembre de 1860 de Vicente Pérez Rosales a Mauricio Barbosa]"	"Pérez Rosales, Vicente"		"1860/12/10"	"Chile-Octava Región-Concepción"	"1 h."	"Barbosa, Mauricio"				
4	"AH0314"	"[Carta del 05 de septiembre de 1860 de Vicente Pérez Rosales a su amigo Mauricio Barbosa]"	"Pérez Rosales, Vicente"		"1860/09/05"	"Chile-Octava Región-Concepción"	"1 h."	"Barbosa, Mauricio"				
4	"AH0315"	"[Carta del 10 de septiembre de 1860 de Vicente Pérez Rosales a su amigo Mauricio Barbosa]"	"Pérez Rosales, Vicente"		"1860/09/10"	"Chile-Octava Región-Concepción"	"1 h."	"Barbosa, Mauricio"				
4	"AH0316"	"[Carta del 10 de septiembre de 1860 de Cornelio Saavedra a su amigo Mauricio Barbosa]"	"Saavedra, Cornelio"		"1860/09/10"	"Chile-Quinta Región-Valparaíso"	"1 h."	"Barbosa, Mauricio"				
4	"AH0317"	"[Carta del 10 de septiembre de 1860 de Juan [Guenuman] al Coronel]"	"Guenuman, Juan"		"1860/09/10"	"Chile-Novena Región-Temuco"	"1 h."					
4	"AH0318"	"[Nota de Juan de Dios López al Coronel del Ejércitor Pacificador]"	"López, Juan De Dios"		"1860/09/11"	"Chile-Octava Región-Cupaño"	"1 h."		"Arauco"			
4	"AH0319"	"[Nota Nº 120 de José Antonio Quezada a. Coronel y Comandante de Armas del Departamento de Arauco]"	"Quezada, José Antonio"		"1860/09/13"	"Chile-Octava Región-Arauco"	"1 h."		"Arauco"			
4	"AH0320"	"[Nota de José María Zúñiga al Coronel y Comandante de Armas de la plaza de Arauco]"	"Zúñiga, José María"		"1860/09/17"	"Chile-Octava Región-Arauco"	"1 h."		"Arauco"			
4	"AH0321"	"[Nota de Juan de Dios López al Coronel del Ejércitor Pacificador]"	"López, Juan De Dios"		"1860/09/24"	"Chile-Octava Región-Cupaño"	"1 h."		"Arauco"			
4	"AH0322"	"[Carta del 25 de septiembre de 1860 de Manuel García a Mauricio Barbosa]"	"García, Manuel"		"1860/09/25"	"Chile-Región Metropolitana-Santiago"	"1 h."	"Barbosa, Mauricio"				
4	"AH0323"	"[Carta del 26 de septiembre de 1860 de Vicente Pérez Rosales a su amigo Mauricio Barbosa]"	"Pérez Rosales, Vicente"		"1860/09/26"	"Chile-Octava Región-Concepción"	"1 h."	"Barbosa, Mauricio"				
4	"AH0324"	"[Nota Nº 152 de Toribio Fernández al Comandante de Armas de Arauco]"	"Fernández, Toribio"		"1860/09/26"	"Chile-Octava Región-Ángeles"	"1 h."		"Arauco"			
4	"AH0325"	"[Carta del 28 de septiembre de 1860 dirigida a Mauricio Barbosa]"			"1860/09/28"	"Chile-Octava Región-Ángeles"	"1 h."	"Barbosa, Mauricio"	"Arauco"			"Documento incompleto, por lo que falta la firma. Por la letra, se presume que el autor podría ser P. [Mi…], doc. 305"
4	"AH0326"	"[Carta del 03 de octubre de 1860 de Vicente Villalón a su amigo Mauricio Barbosa]"	"Villalón, Vicente"		"1860/10/03"	"Chile-Octava Región-Ángeles"	"1 h."	"Barbosa, Mauricio"				
4	"AH0327"	"[Carta del 04 de octubre de 1680 de Cornelio Saavedra a su amigo Mauricio Barbosa]"	"Saavedra, Cornelio"		"1680/10/04"	"Chile-Quinta Región-Valparaíso"	"1 h."	"Barbosa, Mauricio"				
4	"AH0328"	"[Carta del 05 de octubre de 1860 de José Catrileo a Juan (Guesaman)]"	"Catrileo, José"		"1860/10/05"	"Chile-Octava Región-Nacimiento"	"1 h."	"Guesamanqui, Juan"				
4	"AH0329"	"[Carta del 19 de octubre de 1860 de Juan [Guesamanqui] al Coronel Mauricio Barbosa]"	"Guesamanqui, Juan"		"1860/10/19"	"Chile-Novena Región-Temuco"	"1 h."	"Barbosa, Mauricio"				
4	"AH0330"	"[Nota Nº 170 de Vicente Villalón al Comandante de Armas de Arauco]"	"Villalón, Vicente"		"1860/10/18"	"Chile-Octava Región-Ángeles"	"1 h."	"Barbosa, Mauricio"	"Arauco"			
4	"AH0331"	"[Carta del 18 de octubre de 1860 de Vicente Villalón a su amigo Mauricio Barbosa]"	"Villalón, Vicente"		"1860/10/18"	"Chile-Octava Región-Ángeles"	"1 h."	"Barbosa, Mauricio"				
4	"AH0332"	"[Carta del 21 de octubre de 1860 de Cornelio Saavedra a su amigo Mauricio Barbosa]"	"Saavedra, Cornelio"		"1860/10/21"	"Chile-Quinta Región-Valparaíso"	"1 h."	"Barbosa, Mauricio"				"Incluye una posdata de J. Valdivieso"
4	"AH0333"	"[Nota Nº 171 de Vicente Villalón al Comandante de Armas de Arauco]"	"Villalón, Vicente"		"1860/10/22"	"Chile-Octava Región-Ángeles"	"1 h."		"Arauco"			
4	"AH0334"	"[Nota de José María Carrillo al Coronel Jefe de Operaciones de las Costa]"	"Carrillo, José María"		"1860/10/22"	"Chile-Octava Región-Yani"	"1 h."					
4	"AH0335"	"[Carta del 22 de octubre de 1860 de Marino Cueto a su amigo Mauricio Barbosa]"	"Cueto, Marino"		"1860/10/22"	"Chile-Región Metropolitana-Santiago"	"1 h."	"Barbosa, Mauricio"	"Arauco"			
4	"AH0336"	"[Nota Nº 20 de Vicente Pérez Rosales al Comandante del Batallón del 5º de línea]"	"Pérez Rosales, Vicente"		"1860/10/23"	"Chile-Octava Región-Concepción"	"1 h."					
4	"AH0337"	"[Carta del 23 de octubre de 1860 de Vicente Pérez Rosales a su amigo Mauricio Barbosa]"	"Pérez Rosales, Vicente"		"1860/10/23"	"Chile-Octava Región-Concepción"	"1 h."	"Barbosa, Mauricio"				
4	"AH0338"	"[Nota Nº 393 de Juan Avello al Comandante de Armas de Arauco]"	"Avello, Juan"		"1860/10/24"	"Chile-Octava Región-Santa Juana"	"1 h."		"Arauco"			
4	"AH0339"	"[Carta del 24 de octubre de 1860 de Manuel García a su amigo Mauricio Barbosa]"	"García, Manuel"		"1860/10/24"	"Chile-Región Metropolitana-Santiago"	"1 h."	"Barbosa, Mauricio"				
4	"AH0340"	"[Carta del 11 de noviembre de 1872 de Carlos Masido a Mauricio Barbosa]"	"Masido, Carlos"		"1872/11/11"	"Chile-Pelelo?"	"1 h."	"Barbosa, Mauricio"				
4	"AH0341"	"[Carta firmada por Manuel Montt]"	"Montt, Manuel"		"[Siglo XIX]"		"1 h."					"Documento incompleto, sólo está la última hoja, por lo que se ignora el lugar y la fecha."
4	"AH0342"	"[Nota Nº 177 de Vicente Villalón al Comandante del Batallón 5º de línea]"	"Villalón, Vicente"		"1860/10/24"	"Chile-Octava Región-Ángeles"	"1 h."					
4	"AH0343"	"[Nota Nº 178 de Vicente Villalón al Comandante de Armas del departamento de Arauco]"	"Villalón, Vicente"		"1860/10/25"	"Chile-Octava Región-Ángeles"	"2 h."		"Arauco"			
4	"AH0344"	"[Nota de Vicente Villalón al Comandante de Armas de Arauco]"	"Villalón, Vicente"		"1860/10/25"	"Chile-Octava Región-Ángeles"	"1 h."		"Arauco"			"Tiene una nota en la esquina superior izquierda que dice ""Son las cinco de la tarde"""
4	"AH0345"	"[Carta del 25 de octubre de 1860 de Vicente Villallón a su amigo Mauricio Barbosa]"	"Villalón, Vicente"		"1860/10/25"	"Chile-Octava Región-Ángeles"	"1 h."	"Barbosa, Mauricio"				
4	"AH0346"	"[Carta del 25 de octubre de 1860 de José Sepúlveda al Coronel Mauricio Barbosa]"	"Sepúlveda, José"		"1860/10/25"	"Chile-Octava Región-Nacimiento"	"1 h."	"Barbosa, Mauricio"				
4	"AH0347"	"[Carta del 26 de octubre de 1860 de Manuel García a Mauricio Barbosa]"	"García, Manuel"		"1860/10/26"	"Chile-Región Metropolitana-Santiago"	"1 h."	"Barbosa, Mauricio"				
4	"AH0348"	"[Nota N° 399 de Juan Avello al Comandante de Armas del Departamento de Arauco]"	"Avello, Juan"		"1860/10/26"	"Chile-Octava Región-Santa Juana"	"1 h."		"Arauco"			
4	"AH0349"	"[Carta del 26 de octubre de 1860 de E. Boonen a su amigo Mauricio Barbosa]"	"Boonen, E?"		"1860/10/26"	"Chile-Octava Región-Coronel"	"1 h."	"Barbosa, Mauricio"				
4	"AH0350"	"[Carta del 26 de octubre de 1860 de Juan Avello a Mauricio Barbosa]"	"Avello, Juan"		"1860/10/26"	"Chile-Octava Región-Santa Juana"	"1 h."	"Barbosa, Mauricio"				
4	"AH0351"	"[Carta del 28 de octubre de 1860 de Vicente Villalón a su amigo Mauricio Barbosa]"	"Villalón, Vicente"		"1860/10/28"	"Chile-Octava Región-Los Ángeles"	"1 h."	"Barbosa, Mauricio"				
4	"AH0352"	"[Carta del 27 de octubre de 1860 de Cornelio Saavedra a su amigo Mauricio Barbosa]"	"Saavedra, Cornelio"		"1860/10/27"	"Chile-Quinta Región-Valparaíso"	"1 h."	"Barbosa, Mauricio"				
4	"AH0353"	"[Carta del 27 de octubre de 1860 de Vicente Pérez Rosales a Mauricio Barbosa]"	"Pérez Rosales, Vicente"		"1860/10/27"	"Chile-Octava Región-Lota"	"1 h."	"Barbosa, Mauricio"				
4	"AH0354"	"[Carta del 30 de octubre de 1860 de Vicente Villalón a su amigo Mauricio Barbosa]"	"Villalón, Vicente"		"1860/10/30"	"Chile-Octava Región-Los Ángeles"	"1 h."	"Barbosa, Mauricio"				
4	"AH0355"	"[Carta del 30 de octubre de 1860 de Vicente Villalón a su amigo Mauricio Barbosa]"	"Villalón, Vicente"		"1860/10/30"	"Chile-Octava Región-Los Ángeles"	"1 h."	"Barbosa, Mauricio"				
4	"AH0356"	"[Carta del 30 de octubre de 1860 de Vicente Pérez Rosales a Mauricio Barbosa]"	"Pérez Rosales, Vicente"		"1860/10/30"	"Chile-Octava Región-Concepción"	"1 h."	"Barbosa, Mauricio"				
4	"AH0357"	"[Carta del 30 de octubre de 1860 de Vicente Pérez Rosales a Mauricio Barbosa]"	"Pérez Rosales, Vicente"		"1860/10/30"	"Chile-Octava Región-Concepción"	"1 h."	"Barbosa, Mauricio"				
4	"AH0358"	"[Carta del 31 de octubre de 1860 de Vicente Villalón a Mauricio Barbosa]"	"Villalón, Vicente"		"1860/10/31"	"Chile-Octava Región-Los Ángeles"	"1 h."	"Barbosa, Mauricio"				
4	"AH0359"	"[Carta del 01 de noviembre de 1860 de Manuel Segundo Escala a Mauricio Barbosa]"	"Escala, Manuel Segundo"		"1860/11/01"	"Chile-Octava Región-Concepción"	"1 h."	"Barbosa, Mauricio"				
4	"AH0360"	"[Carta del 02 de noviembre de 1860 de José María Carrillo a Mauricio Barbosa]"	"Carrillo, José María"		"1860/11/02"	"Chile-Guilañanen"	"1 h."	"Barbosa, Mauricio"				
4	"AH0361"	"[Carta del 04 de noviembre de 1860 de José María Carrillo a Mauricio Barbosa]"	"Carrillo, José María"		"1860/11/04"	"Chile-Octava Región-Quiapo"	"1 h."	"Barbosa, Mauricio"				
4	"AH0362"	"[Carta del 08 de noviembre de 1860 de José Antonio Quezada a Mauricio Barbosa]"	"Quezada, José Antonio"		"1860/11/08"	"Chile-Octava Región-Arauco"	"1 h."	"Barbosa, Mauricio"	"Arauco"			
4	"AH0363"	"[Carta del 10 de noviembre de 1860 de Vicente Villalón a Mauricio Barbosa]"	"Villalón, Vicente"		"1860/11/10"	"Chile-Octava Región-Los Ángeles"	"1 h."	"Barbosa, Mauricio"				
4	"AH0364"	"[Carta del 10 de noviembre de 1860 de Vicente Villalón a Mauricio Barbosa]"	"Villalón, Vicente"		"1860/11/10"	"Chile-Octava Región-Los Ángeles"	"1 h."	"Barbosa, Mauricio"				
4	"AH0365"	"[Carta del 10 de noviembre de 1860 de José Sepúlveda a Mauricio Barbosa]"	"Sepúlveda, José"		"1860/11/10"	"Chile-Octava Región-Nacimiento"	"1 h."	"Barbosa, Mauricio"				
4	"AH0366"	"[Carta del 12 de noviembre de 1860 de Vicente Villalón a Mauricio Barbosa]"	"Villalón, Vicente"		"1860/11/12"	"Chile-Octava Región-Los Ángeles"	"1 h."	"Barbosa, Mauricio"				
4	"AH0367"	"[Carta del 17 de noviembre de 1860 de Vicente Pérez Rosales a Mauricio Barbosa]"	"Pérez Rosales, Vicente"		"1860/11/17"	"Chile-Octava Región-Concepción"	"1 h."	"Barbosa, Mauricio"				
4	"AH0368"	"[Carta del 21 de noviembre de 1860 de Francisco del Río a Mauricio Barbosa]"	"Río, Francisco Del"		"1860/11/21"	"Chile-Octava Región-Arauco"	"1 h."	"Barbosa, Mauricio"	"Arauco"			
4	"AH0369"	"[Carta del 22 de noviembre de 1860 de Vicente Villalón a Mauricio Barbosa]"	"Villalón, Vicente"		"1860/11/22"	"Chile-Octava Región-Los Ángeles"	"1 h."	"Barbosa, Mauricio"				
4	"AH0370"	"[Carta del 22 de noviembre de 1860 de Vicente Villalón a Mauricio Barbosa]"	"Villalón, Vicente"		"1860/11/22"	"Chile-Octava Región-Los Ángeles"	"1 h."	"Barbosa, Mauricio"				
4	"AH0371"	"[Carta del 23 de noviembre de 1860 al Comandante de Armas de Arauco]"			"1860/11/23"	"Chile-Octava Región-Los Ángeles"	"1 h."		"Arauco"			
4	"AH0372"	"[Carta del 23 de noviembre de 1860 de Vicente Villalobos al comandante de Armas de Arauco]"	"Villalobos, Vicente"		"1860/11/23"	"Chile-Octava Región-Los Ángeles"	"1 h."		"Arauco"			
4	"AH0373"	"[Carta del 23 de noviembre de 1860 de Vicente Villalobos a Mauricio Barbosa]"	"Villalobos, Vicente"		"1860/11/23"	"Chile-Octava Región-Los Ángeles"	"2 h."	"Barbosa, Mauricio"	"Arauco"			
4	"AH0374"	"[Carta del 28 de noviembre de 1860 de Juan Avello al Comandante de Armas de Arauco]"	"Avello, Juan"		"1860/11/28"	"Chile-Octava Región-Santa Juana"	"1 h."		"Arauco"			
4	"AH0375"	"[Oficio de Eleuterio Ramírez y respuesta al mismo, firmado por Barbosa, Chacón, Urrutia, García Díaz y Contreras.]"	"Ramírez, Eleuterio"	"Barbosa, Mauricio"	"1859/11/22"	"Chile-Octava Región-Arauco"	"2 h."		"Arauco"			
4	"AH0376"	"[Oficio de Mauricio Barbosa a Eleuterio Ramírez y firmado por Barbosa, Chacón, Urrutia, García Díaz y Contreras.]"	"Barbosa, Mauricio"		"1859/11/22"	"Chile-Octava Región-Arauco"	"2 h."	"Ramírez, Eleuterio"	"Arauco"			
4	"AH0377"	"[Oficio de Mauricio Barbosa]"	"Barbosa, Mauricio"		"1859/11/19"	"Chile-Octava Región-Arauco"	"2 h."		"Arauco"			
4	"AH0378"	"[Oficio del Consejo de Guerra. Compuesto por J. Contreras, D. García, A. Urrutia. J. Wood, B. Chacón.]"	"Consejo De Guerra"		"1859/12/28"	"Chile-Paicaví"	"2 h."		"Arauco"			
4	"AH0379"	"[Oficio de J. Díaz al comandante de Armas de Arauco]"	"Díaz, José Del Carmen"		"1859/12/25"	"Chile-Octava Región-Arauco"	"1 h."		"Arauco"			
4	"AH0380"	"[Carta del 02 de marzo de 1860 de Nicolás Saavedra al jefe de Operaciones de la Baja Frontera]"	"Saavedra, Nicolás"		"1860/03/02"	"Chile-Octava Región-Lebu"	"1 h."	"Barbosa, Mauricio"				"Envío de correspondencIa oficial a Valparaíso"
4	"AH0381"	"[Carta del 02 de marzo de 1860 de J. A. Quezada al jefe de la división pacificadora de Arauco.]"	"Quezada, José Antonio"		"1860/03/02"	"Chile-Octava Región-Arauco"	"1 h."	"Barbosa, Mauricio"				"Informa arribo de un vapor correspondencia"
4	"AH0382"	"[Carta del 04 de marzo de 1860 de J. A. Quezada al comandante en jefe de la división de Operaciones.]"	"Quezada, José Antonio"		"1860/03/04"	"Chile-Octava Región-Arauco"	"1 h."	"Barbosa, Mauricio"				"Envío de correspondencIa oficial "
4	"AH0383"	"[Carta del 02 de marzo de 1860 de Vicente Villalobos a Mauricio Barbosa]"	"Villalobos, Vicente"		"1860/03/02"	"Chile-Octava Región-Los Ángeles"	"2 h."	"Barbosa, Mauricio"				"Informa sobre incursiones de indígenas a Negrete y otros pueblos de la Frontera"
4	"AH0384"	"[Carta del 04 de marzo de 1860 de J. Del C. Díaz]"	"Díaz, José Del Carmen"		"1860/03/04"	"Chile-Octava Región-Arauco"	"2 h."	"Barbosa, Mauricio"				"Noticias sobre ataque indígena a varios pueblos de la frontera."
4	"AH0385"	"[Carta del 13 de marzo de 1860 de Vicente Pérez Rosales]"	"Pérez Rosales, Vicente"		"1860/03/13"	"Chile-Octava Región-Concepción"	"2 h."	"Barbosa, Mauricio"				"Refiriéndose al Parlamento de Tucapel"
4	"AH0386"	"[Carta del 16 de marzo de 1860 de Vicente Villalón a Mauricio Barbosa]"	"Villalón, Vicente"		"1860/03/16"	"Chile-Octava Región-Ángeles"	"1 h."	"Barbosa, Mauricio"				
4	"AH0387"	"[Carta del 16 de marzo de 1860 de Manuel García a Mauricio Barbosa]"	"García, Manuel"		"1860/03/16"	"Chile-Región Metropolitana-Santiago"	"1 h."	"Barbosa, Mauricio"				
4	"AH0388"	"[Carta del 22 de marzo de 1860 de Manuel García a Mauricio Barbosa]"	"García, Manuel"		"1860/03/22"	"Chile-Región Metropolitana-Santiago"	"1 h."	"Barbosa, Mauricio"				
4	"AH0389"	"[Nota Nº 363 de Manuel García al Coronel Graduado Don Mauricio Barbosa, para el establecimiento de una guarnición en Nagalhue]"	"García, Manuel"		"[Siglo XIX]"		"1 h."	"Barbosa, Mauricio"	"Nagalhue"			
4	"AH0390"	"[Carta del 31 de marzo de 1860 de Juan Contreras a Mauricio Barbosa]"	"Contreras, Juan"		"1860/03/31"	"Chile-Octava Región-Arauco"	"1 h."	"Barbosa, Mauricio"	"Arauco"			
"4A"	"AH0391"	"Cuadro General del Ejército del Sur, Estado que manifiesta la fuerza efectiva que tiene este Ejército, con espresión de los cuerpos que lo componen i los puntos en que se hallan distribuidos hoy día de la fecha"	"Gómez Solar, Egidio"	"León, Juan De"	"1881/04/11"	"Chile-Novena Región-Angol"	"1 h."					
4	"AH0392"	"Caciques de la costa"			"[Siglo XIX]"		"1 h."					
4	"AH0393"	"[Carta en la cual Bernabé Chacón renuncia a su puesto de Capitán Cívico del Regimiento Lautaro]"	"Chacón, Bernabé"		"[Siglo XIX]"		"1 h."					
4	"AH0394"	"Relación de los caciques que deben comparecer el domingo 2 del entrante en Collico, por invitación de los caciques Epúleo Ñancucheo]"	"Fernández, Antonio José"		"1862/10/24"	"Chile-Octava Región-Negrete"	"1 h."					
4	"AH0395"	"[Informe al Ministro de Guerra sobre una expedición hecha al interior del territorio araucano con motivo de un levantamiento de los indios]"			"[Siglo XIX]"		"21 h."		"Arauco"			
4	"AH0396"	"Relación de cuarenta y ocho (48) legajos de correspondencia privada y oficial del Ex-General Saavedra, referente a la pacificación de la Araucanía"	"Capitán Gacitúa"		"1905/12/12"	"Chile-Región Metropolitana-Santiago"	"2 h."	"Saavedra, Cornelio"				"Incluye un sobre con el sello del Estado Mayor General del Ejército de Chile"
4	"AH0397"	"[Informe sobre el estudio de la línea de fuertes que Argentina ha establecido a orillas del Río Negro y en los boquetes de la Cordillera de Los Andes]"			"1884/11/14"	"Chile-Novena Región-Angol"	"6 h."		"Argentina"	"Río Negro"	"Cordillera de Los Andes"	
"4A"	"AH0398"	"[Mapa de 31x44 cms.de la zona de Arauco]"			"[Siglo XIX]"		"1 h."		"Arauco"			
"4A"	"AH0399"	"[Mapa de 60x89 cms. de la Región de Arauco, mostrando detalles desde hidrográficos desde Concepción hasta Villarrica]"			"[Siglo XIX]"		"1 h."		"Arauco"			
4	"AH0887"	"[Serie de documentos que dan cuenta de los servicios que prestó Juan Bautista Rosales durante la Pacificación de la Araucanía]"			"1862-1909"		"46 h."					"Los documentos se reúnen y presentan por la viuda de Rosales, Ascención Mellado, para la obtención de beneficios por servicios destacados al país"
4	"AH0888"	"[Serie de documentos oficiales firmados por Belisario Prats referentes a las campañas en la Araucanía]"			1877		"54 h."					
61	"AH1643"	"[Libro copiador de correspondencia del general Gregorio Urrutia Venegas]"	"Urrutia Venegas, Gregorio"		"1866/05/04"	"Chile-Octava Región-Lota"	"600 h."					"Encuadernado. Páginas bastante deterioradas"
62	"AH1677"	"[Carta del 27 de agosto de 1877 de Cornelio Saavedra a Gregorio Urrutia]"	"Saavedra, Cornelio"		"1877/08/27"	"Chile-Región Metropolitana-Santiago"	"1 h."	"Urrutia Venegas, Gregorio"				
