Box,Id,Type,Title,Author,Author2,Date,Location,Nb,People,Geo
3,150,Letters,Carta del 08 de noviembre de 1859 de Cornelio Saavedera a Mauricio Barbosa,"Saavedra, Cornelio",,1859/11/08,,1,"Barbosa, Mauricio",
3,151,Letters,Carta del 13 de noviembre de 1859 de Cornelio Saavedra a Mauricio Barbosa,"Saavedra, Cornelio",,1859/11/13,Chile;Quinta Región;Valparaíso,2,"Barbosa, Mauricio",
3,152,Letters,Carta del 13 de noviembre de 1859 de Cornelio Saavedra a Mauricio Barbosa,"Saavedra, Cornelio",,1859/11/13,Chile;Quinta Región;Valparaíso,1,"Barbosa, Mauricio",
3,153,Others,Relación de los pertrechos de guerra que se han embarcado para el ejército de Operaciones del Sur,"Valdivieso, Samuel",,1859/11/13,Chile;Quinta Región;Valparaíso,1,,
3,154,Letters,Carta del 15 de noviembre de 1859 de José Antonio Quezada a Mauricio Barbosa,"Quezada, José Antonio",,1859/11/15,Chile;Octava Región;Arauco,1,"Barbosa, Mauricio",
3,155,Letters,Carta del 16 de noviembre de 1859 de Aniceto Cordovez a Mauricio Barbosa,"Cordovez, Aniceto",,1859/11/16,Chile;Octava Región;Concepción,1,"Barbosa, Mauricio",
3,156,Letters,Carta del 16 de noviembre de 1859 de Cornelio Saavedra a Mauricio Barbosa,"Saavedra, Cornelio",,1859/11/16,Chile;Quinta Región;Valparaíso,1,"Barbosa, Mauricio",
3,157,Letters,Carta del 19 de noviembre de 1859 de Manuel Escala a Mauricio Barbosa,"Escala, Manuel Segundo",,1859/11/19,Chile;Octava Región;Arauco,1,"Barbosa, Mauricio",
3,158,Letters,Carta del 19 de noviembre de 1859 de Aniceto Cordovez a Mauricio Barbosa,"Cordovez, Aniceto",,1859/11/19,Chile;Octava Región;Concepción,1,"Barbosa, Mauricio",
3,159,Letters,Carta del 21 de noviembre de 1859 de Cornelio Saavedra a Mauricio Barbosa,"Saavedra, Cornelio",,1859/11/21,Chile;Quinta Región;Valparaíso,1,"Barbosa, Mauricio",
3,160,Letters,Carta del 24 de noviembre de 1859 de Cornelio Saavedra a Manuel Pomar,"Saavedra, Cornelio",,1859/11/24,Chile;Quinta Región;Valparaíso,1,"Pomar, Manuel",
3,161,Letters,Carta del 24 de noviembre de 1859 de Cornelio Saavedra a Mauricio Barbosa,"Saavedra, Cornelio",,1859/11/24,Chile;Quinta Región;Valparaíso,1,"Barbosa, Mauricio",
3,162,Letters,Carta del 24 de noviembre de 1859 de Aniceto Cordovez a Mauricio Barbosa,"Cordovez, Aniceto",,1859/11/24,Chile;Octava Región;Concepción,1,"Barbosa, Mauricio",
3,163,Letters,Carta del 24 de noviembre de 1859 de Manuel Segundo Escala a Mauricio Barbosa,"Escala, Manuel Segundo",,1859/11/24,Chile;Región Metropolitana;Santiago,1,"Barbosa, Mauricio",
3,164,Letters,Carta del 25 de noviembre de 1859 de Manuel Segundo Escala a Mauricio Barbosa,"Escala, Manuel Segundo",,1859/11/25,Chile;Octava Región;Arauco,1,"Barbosa, Mauricio",
3,165,Letters,Carta del 26 de noviembre de 1859 de Manuel Segundo Escala a Mauricio Barbosa,"Escala, Manuel Segundo",,1859/11/26,Chile;Octava Región;Bahía de Arauco,1,"Barbosa, Mauricio",
3,166,Letters,Carta del 24 de noviembre de 1859 de Jorge Wood al coronel comandante en jefe de las fuerzas de Arauco,"Wood, Jorge",,1859/11/24,"Chile;Octava Región;Vapor Maipú, Lota",1,,
3,167,Letters,Carta del 26 de noviembre de 1859 de Nicolás Saavedra al Comandante en Jefe de las Fuerzas de Arauco,"Saavedra, Nicolás",,1859/11/26,Chile;Octava Región;Lota,1,,
3,168,Letters,Carta del 26 de noviembre de 1859 de Cornelio Saavedra a Mauricio Barbosa,"Saavedra, Cornelio",,1859/11/26,Chile;Quinta Región;Valparaíso,1,"Barbosa, Mauricio",
3,169,Letters,Carta del 26 de noviembre de 1859 de Aniceto Cordovez a Mauricio Barbosa,"Cordovez, Aniceto",,1859/11/26,Chile;Octava Región;Concepción,1,"Barbosa, Mauricio",
3,170,Letters,Carta del 27 de noviembre de 1859 de Jorge Wood al coronel comandante en jefe de las fuerzas de Arauco,"Wood, Jorge",,1859/11/27,Chile;Octava Región;Lota,1,,
3,171,Letters,Carta del 28 de noviembre de 1859 de Avello a Mauricio Barbosa,"Avello, Juan",,1859/11/28,Chile;Octava Región;Concepción,1,"Barbosa, Mauricio",
3,172,Letters,Carta del 30 de noviembre de 1859 de Aniceto Cordovez a Mauricio Barbosa,"Cordovez, Aniceto",,1859/11/30,Chile;Octava Región;Concepción,1,"Barbosa, Mauricio",
3,173,Letters,Carta del 30 de noviembre de 1859 de Vincente Villalon a Mauricio Barbosa,"Villalón, Vicente",,1859/11/30,Chile;Octava Región;Los Ángeles,2,"Barbosa, Mauricio",
3,174,Others,"Inventario de municiones, atalaje, piezas de artillería, armas y pertrechos de guerra existentes en el Departamento de Arauco al 30 de noviembre de 1859",,,1859/11/30,Chile;Octava Región;Arauco,1,,Arauco
3,175,Letters,Carta del 02 de diciembre de 1859 de Vicente Villalon a Mauricio Barbosa,"Villalón, Vicente",,1859/12/02,Chile;Octava Región;Los Ángeles,1,"Barbosa, Mauricio",
3,176,Letters,Carta del 03 de diciembre de 1859 de Manuel Segundo Escala a Mauricio Barbosa,"Escala, Manuel Segundo",,1859/12/03,Chile;Octava Región;Arauco,1,"Barbosa, Mauricio",
3,177,Letters,Carta del 05 de diciembre de 1859 a Manuel Montt,,,1859/12/05,Chile;Octava Región;Arauco,2,"Montt, Manuel",
3,178,Letters,Carta del 04 de diciembre de 1859 de Manuel García a Mauricio Barbosa,"García, Manuel",,1859/12/04,Chile;Región Metropolitana;Santiago,1,"Barbosa, Mauricio",
3,179,Letters,Carta del 05 de diciembre de 1859 de Manuel García a Mauricio Barbosa,"García, Manuel",,1859/12/05,Chile;Región Metropolitana;Santiago,1,"Barbosa, Mauricio",
3,180,Circular,Circular de Cornelio Saavedra a Mauricio Barbosa,"Saavedra, Cornelio",,1859/12/06,Chile;Quinta Región;Valparaíso,1,"Barbosa, Mauricio",
3,181,Letters,Carta del 06 de diciembre de 1859 de Cornelio Saavedra a Mauricio Barbosa,"Saavedra, Cornelio",,1859/12/06,Chile;Quinta Región;Valparaíso,1,"Barbosa, Mauricio",
3,182,Letters,Carta del 08 de diciembre de 1859 de Vicente Villalon a Mauricio Barbosa,"Villalón, Vicente",,1859/12/08,Chile;Octava Región;Los Ángeles,1,"Barbosa, Mauricio",
3,183,Letters,Carta del 08 de diciembre de 1859 de Aniceto Cordovez a Mauricio Barbosa,"Cordovez, Aniceto",,1859/12/08,Chile;Octava Región;Concepción,1,"Barbosa, Mauricio",
3,184,Letters,Carta del 10 de diciembre de 1859 de Cornelio Saavedra a Mauricio Barbosa,"Saavedra, Cornelio",,1859/12/10,Chile;Quinta Región;Valparaíso,1,"Barbosa, Mauricio",
3,185,Letters,Carta del 12 de diciembre de 1859 de Andrés Campos a Vicente Villalón,"Campos, Andrés",,1859/12/12,Chile;Octava Región;Nacimiento,1,"Villalón, Vicente",
3,186,Letters,Carta del 12 de diciembre de 1859 de Andrés Campos al cacique Pinolesí,"Campos, Andrés",,1859/12/12,Chile;Octava Región;Nacimiento,1,Cacique Pinolesí,
3,187,Letters,Carta del 12 de diciembre de 1859 de Andrés Campos al cacique José Catrileo,"Campos, Andrés",,1859/12/12,Chile;Octava Región;Nacimiento,1,"Catrileo, José",
3,188,Letters,Carta del 13 de diciembre de 1859 de Vicente Villalon a Mauricio Barbosa,"Villalón, Vicente",,1859/12/13,Chile;Octava Región;Los Ángeles,1,"Barbosa, Mauricio",
3,189,Letters,Carta del 14 de diciembre de 1859 de José del Carmen Díaz a Mauricio Barbosa,"Díaz, José Del Carmen",,1859/12/14,Chile;Octava Región;Arauco,1,"Barbosa, Mauricio",
3,190,Letters,Carta del 14 de diciembre de 1859 de Vicente Villalon a Mauricio Barbosa,"Villalón, Vicente",,1859/12/14,Chile;Octava Región;Nacimiento,1,"Barbosa, Mauricio",
3,191,Letters,Carta del 15 de diciembre de 1859 de Vicente Villalón a Mauricio Barbosa,"Villalón, Vicente",,1859/12/15,Chile;Octava Región;Los Ángeles,1,"Barbosa, Mauricio",
3,192,Letters,Carta del 19 de diciembre de 1859 de José Sepúlveda a Mauricio Barbosa,"Sepúlveda, José",,1859/12/19,Chile;Octava Región;Nacimiento,1,"Barbosa, Mauricio",
3,193,Letters,Carta del 15 de diciembre de 1859 de José del Carmen Díaz a Mauricio Barbosa,"Díaz, José Del Carmen",,1859/12/15,Chile;Octava Región;Arauco,1,"Barbosa, Mauricio",
3,194,Letters,Carta del 16 de diciembre de 1859 de Cornelio Saavedra a Mauricio Barbosa,"Saavedra, Cornelio",,1859/12/16,Chile;Quinta Región;Valparaíso,1,"Barbosa, Mauricio",
3,195,Letters,Carta del 16 de diciembre de 1859 de José del Carmen Díaz a Mauricio Barbosa,"Díaz, José Del Carmen",,1859/12/16,Chile;Octava Región;Arauco,1,"Barbosa, Mauricio",
3,196,Letters,Carta del 17 de diciembre de 1859 de Manuel Segundo Escala a Mauricio Barbosa,"Escala, Manuel Segundo",,1859/12/17,Chile;Octava Región;Bahía de Arauco,1,"Barbosa, Mauricio",
3,197,Letters,Carta del 17 de diciembre de 1859 de Manuel Segundo Escala a Mauricio Barbosa,"Escala, Manuel Segundo",,1859/12/17,Chile;Octava Región;Bahía de Arauco,1,"Barbosa, Mauricio",
3,198,Letters,Carta del 23 de diciembre de 1859 de Cornelio Saavedra a Mauricio Barbosa,"Saavedra, Cornelio",,1859/12/23,Chile;Quinta Región;Valparaíso,2,"Barbosa, Mauricio",
3,199,Letters,Carta del 26 de diciembre de 1859 de José del Carmen Díaz a Mauricio Barbosa,"Díaz, José Del Carmen",,1859/12/26,Chile;Octava Región;Arauco,1,"Barbosa, Mauricio",
3,200,Letters,Carta del 26 de diciembre de 1859 de José del Carmen Díaz a Mauricio Barbosa,"Díaz, José Del Carmen",,1859/12/26,Chile;Octava Región;Arauco,1,"Barbosa, Mauricio",
3,201,Letters,Carta del 27 de diciembre de 1859 de Manuel Segundo Escala a Comandante en Jefe de la división de operaciones de Arauco,"Escala, Manuel Segundo",,1859/12/27,Chile;Octava Región;Arauco,1,,
3,202,Letters,Carta del 21 de diciembre de 1859 de Nicolás Saavedra al Comandante en Jefe de las Fuerzas de Arauco,"Saavedra, Nicolás",,1859/12/21,Chile;Octava Región;Lebu,1,,
3,203,Letters,Carta del 02 de enero de 1860 de José del Carmen Díaz a Mauricio Barbosa,"Díaz, José Del Carmen",,1860/01/02,Chile;Octava Región;Arauco,1,"Barbosa, Mauricio",
3,204,Letters,Carta del 02 de enero de 1860 de José del Carmen Díaz a Mauricio Barbosa,"Díaz, José Del Carmen",,1860/01/02,Chile;Octava Región;Arauco,1,"Barbosa, Mauricio",
3,205,Letters,Carta del 05 de enero de 1860 de José del Carmen Díaz a Mauricio Barbosa,"Díaz, José Del Carmen",,1860/01/05,Chile;Octava Región;Arauco,1,"Barbosa, Mauricio",
3,206,Letters,Carta del 05 de enero de 1860 de José del Carmen Díaz a Mauricio Barbosa,"Díaz, José Del Carmen",,1860/01/05,Chile;Octava Región;Arauco,1,"Barbosa, Mauricio",
3,207,Letters,Carta del 10 de enero de 1860 de José del Carmen Díaz a Mauricio Barbosa,"Díaz, José Del Carmen",,1860/01/10,Chile;Octava Región;Arauco,1,"Barbosa, Mauricio",
3,208,Letters,Carta del 14 de enero de 1860 de Manuel Segundo Escala a Mauricio Barbosa,"Escala, Manuel Segundo",,1860/01/14,Chile;Octava Región;Bahía de Arauco,1,"Barbosa, Mauricio",
3,209,Letters,Carta del 15 de enero de 1860 de José del Carmen Díaz a Mauricio Barbosa,"Díaz, José Del Carmen",,1860/01/15,Chile;Octava Región;Arauco,1,"Barbosa, Mauricio",
3,210,Letters,Carta del 15 de enero de 1860 de José del Carmen Díaz a Mauricio Barbosa,"Díaz, José Del Carmen",,1860/01/15,Chile;Octava Región;Arauco,1,"Barbosa, Mauricio",
3,211,Letters,Carta del 18 de enero de 1860 de Cornelio Saavedra a Mauricio Barbosa,"Saavedra, Cornelio",,1860/01/18,Chile;Quinta Región;Valparaíso,1,"Barbosa, Mauricio",
3,212,Letters,Carta del 20 de enero de 1860 de Manuel García a Mauricio Barbosa,"García, Manuel",,1860/01/20,Chile;Región Metropolitana;Santiago,1,"Barbosa, Mauricio",
3,213,Letters,Carta del 22 de enero de 1860 de José Antonio Quezada a Mauricio Barbosa,"Quezada, José Antonio",,1860/01/22,Chile;Paicaví,1,"Barbosa, Mauricio",
3,214,Letters,Carta del 22 de enero de 1860 de José del Carmen Díaz a Mauricio Barbosa,"Díaz, José Del Carmen",,1860/01/22,Chile;Octava Región;Arauco,2,"Barbosa, Mauricio",
3,215,Letters,Carta del 23 de enero de 1860 de Manuel Segundo Escala,"Escala, Manuel Segundo",,1860/01/23,Chile;Octava Región;Bahía de Arauco,2,,
3,216,Letters,Carta del 24 de enero de 1860 de Manuel García a Mauricio Barbosa,"García, Manuel",,1860/01/24,Chile;Región Metropolitana;Santiago,1,"Barbosa, Mauricio",
3,217,Letters,Carta del 24 de enero de 1860 de José Sepúlveda a Mauricio Barbosa,"Sepúlveda, José",,1860/01/24,Chile;Octava Región;Nacimiento,1,"Barbosa, Mauricio",
3,218,Letters,Carta del 25 de enero de 1860 de José Antonio Quezada a Mauricio Barbosa,"Quezada, José Antonio",,1860/01/25,Chile;Paicaví,1,"Barbosa, Mauricio",
3,219,Letters,Carta del 20 de enero de 1860 de Cornelio Saavedra a Mauricio Barbosa,"Saavedra, Cornelio",,1860/01/20,Chile;Quinta Región;Valparaíso,1,"Barbosa, Mauricio",
3,220,Letters,Carta del 26 de enero de 1860 de Cornelio Saavedra a Mauricio Barbosa,"Saavedra, Cornelio",,1860/01/26,Chile;Quinta Región;Valparaíso,1,"Barbosa, Mauricio",
3,221,Letters,Carta del 27 de enero de 1860 de José del Carmen Díaz a Mauricio Barbosa,"Díaz, José Del Carmen",,1860/01/27,Chile;Octava Región;Arauco,1,"Barbosa, Mauricio",
3,222,Letters,Carta del 27 de enero de 1860 de José del Carmen Díaz a Mauricio Barbosa,"Díaz, José Del Carmen",,1860/01/27,Chile;Octava Región;Arauco,1,"Barbosa, Mauricio",
3,223,Letters,Carta del 27 de enero de 1860 de José del Carmen Díaz a Mauricio Barbosa,"Díaz, José Del Carmen",,1860/01/27,Chile;Octava Región;Arauco,1,"Barbosa, Mauricio",
3,224,Letters,Carta del 27 de enero de 1860 de José del Carmen Díaz a Mauricio Barbosa,"Díaz, José Del Carmen",,1860/01/27,Chile;Octava Región;Arauco,1,"Barbosa, Mauricio",
3,225,Letters,Carta del 30 de enero de 1860 de José Antonio a Mauricio Barbosa,"Quezada, José Antonio",,1860/01/30,Chile;Octava Región;Arauco,1,"Barbosa, Mauricio",
3,226,Letters,Carta del 01 de febrero de 1860 de José María Alvarado a Mauricio Barbosa,"Alvarado, José María",,1860/02/01,Chile;Paicaví,1,"Barbosa, Mauricio",
3,227,Letters,Carta del 01 de febrero de 1860 de Vicente Villalón a Mauricio Barbosa,"Villalón, Vicente",,1860/02/01,Chile;Octava Región;Los Ángeles,1,"Barbosa, Mauricio",
3,228,Letters,Carta del 01 de febrero de 1860 de Vicente Villalón a Mauricio Barbosa,"Villalón, Vicente",,1860/02/01,Chile;Octava Región;Los Ángeles,1,"Barbosa, Mauricio",
3,229,Letters,Carta del 02 de febrero de 1860 de José del Carmen Díaz a Mauricio Barbosa,"Díaz, José Del Carmen",,1860/02/02,Chile;Octava Región;Arauco,1,"Barbosa, Mauricio",
3,230,Letters,Carta del 02 de febrero de 1860 de José del Carmen Díaz a Mauricio Barbosa,"Díaz, José Del Carmen",,1860/02/02,Chile;Octava Región;Lebu,1,"Barbosa, Mauricio",
3,231,Letters,Carta del 03 de febrero de 1860 de José Antonio Quezada a Mauricio Barbosa,"Quezada, José Antonio",,1860/02/03,Chile;Octava Región;Arauco,1,"Barbosa, Mauricio",
3,232,Letters,Carta del 05 de febrero de 1860 de José del Carmen Díaz Mauricio Barbosa,"Díaz, José Del Carmen",,1860/02/05,Chile;Octava Región;Arauco,1,"Barbosa, Mauricio",
3,233,Letters,Carta del 05 de febrero de 1860 de José del Carmen Díaz a Mauricio Barbosa,"Díaz, José Del Carmen",,1860/02/05,Chile;Octava Región;Arauco,1,"Barbosa, Mauricio",
3,234,Letters,Carta del 07 de febrero de 1860 de Vicente Villalón a Comandante de un batallón,"Villalón, Vicente",,1860/02/07,Chile;Octava Región;Los Ángeles,1,,
3,235,Letters,Carta del 07 de febrero de 1860 de Vicenten Villalón a Mauricio Barbosa,"Villalón, Vicente",,1860/02/07,Chile;Octava Región;Los Ángeles,1,"Barbosa, Mauricio",
3,236,Letters,Carta del 10 de febrero de 1860 de José del Carmen Díaz a Mauricio Barbosa,"Díaz, José Del Carmen",,1860/02/10,Chile;Octava Región;Arauco,1,"Barbosa, Mauricio",
3,237,Letters,Carta del 10 de febrero de 1860 de José del Carmen Díaz a Mauricio Barbosa,"Díaz, José Del Carmen",,1860/02/10,Chile;Octava Región;Arauco,1,"Barbosa, Mauricio",
3,238,Letters,Carta del 11 de febrero de 1860 de José Antonio Quezada a Mauricio Barbosa,"Quezada, José Antonio",,1860/02/11,Chile;Octava Región;Arauco,1,"Barbosa, Mauricio",
3,239,Letters,Carta del 11 de febrero de 1860 de José Antonio Quezada a Mauricio Barbosa,"Quezada, José Antonio",,1860/02/11,Chile;Octava Región;Arauco,1,"Barbosa, Mauricio",
3,240,Letters,Carta del 11 de febrero de 1860 de Vicente Villalón a Mauricio Barbosa,"Villalón, Vicente",,1860/02/11,Chile;Octava Región;Los Ángeles,1,"Barbosa, Mauricio",
3,241,Letters,Carta del 11 de febrero de 1860 de Vicente Villalón a Mauricio Barbosa,"Villalón, Vicente",,1860/02/11,Chile;Octava Región;Los Ángeles,1,"Barbosa, Mauricio",
3,242,Letters,Carta del 12 de febrero de 1860 de José del Carmen Díaz a Mauricio Barbosa,"Díaz, José Del Carmen",,1860/02/12,Chile;Octava Región;Arauco,1,"Barbosa, Mauricio",
3,243,Letters,Carta del 18 de febrero de 1860 de José Antonio Quezada a Mauricio Barbosa,"Quezada, José Antonio",,1860/02/18,Chile;Octava Región;Arauco,1,"Barbosa, Mauricio",
3,244,Letters,Carta del 18 de febrero de 1860 de José del Carmen Díaz a Mauricio Barbosa,"Díaz, José Del Carmen",,1860/02/18,Chile;Octava Región;Arauco,1,"Barbosa, Mauricio",
3,245,Letters,Carta del 20 de febrero de 1860 de José Antonio Quezada a Mauricio Barbosa,"Quezada, José Antonio",,1860/02/20,Chile;Octava Región;Arauco,1,"Barbosa, Mauricio",
3,246,Letters,Carta del 20 de febrero de 1860 de Vicente Villalón a Mauricio Barbosa,"Villalón, Vicente",,1860/02/20,Chile;Octava Región;Los Ángeles,1,"Barbosa, Mauricio",
3,247,Letters,Carta del 20 de febrero de 1860 de Manuel García a Mauricio Barbosa,"García, Manuel",,1860/02/20,Chile;Región Metropolitana;Santiago,1,"Barbosa, Mauricio",
3,248,Letters,Carta del 20 de febrero de 1860 de Rafael Sotomayor a Mauricio Barbosa,"Sotomayor, Rafael",,1860/02/20,Chile;Octava Región;Los Ángeles,1,"Barbosa, Mauricio",
3,249,Letters,Carta del 20 de febrero de 1860 de P. Nuñez a Mauricio Barbosa,"Nuñez, P.",,1860/02/20,Chile;Octava Región;Los Ángeles,1,"Barbosa, Mauricio",
3,250,Letters,Carta del 20 de febrero de 1860 de Vicente Villalón a Mauricio Barbosa,"Villalón, Vicente",,1860/02/20,Chile;Octava Región;Los Ángeles,1,"Barbosa, Mauricio",
3,251,Letters,Carta del 21 de febrero de 1860 de José Antonio Quezada a Gobernador de Arauco,"Quezada, José Antonio",,1860/02/21,Chile;Octava Región;Arauco,1,,
3,252,Letters,Carta del 21 de febrero de 1860 de Cornelio Saavedra a Mauricio Barbosa,"Saavedra, Cornelio",,1860/02/21,Chile;Quinta Región;Valparaíso,1,"Barbosa, Mauricio",
3,253,Letters,Carta del 23 de febrero de 1860 de Vicente Pérez Rosales a Mauricio Barbosa,"Pérez Rosales, Vicente",,1860/02/23,Chile;Octava Región;Concepción,1,"Barbosa, Mauricio",
3,254,Letters,Carta del 24 de febrero de 1860 de José Antonio Quezada a Mauricio Barbosa,"Quezada, José Antonio",,1860/02/24,Chile;Octava Región;Arauco,1,"Barbosa, Mauricio",
3,255,Letters,Carta del 24 de febrero de 1860 de Cornelio Saavedra a Mauricio Barbosa,"Saavedra, Cornelio",,1860/02/24,Chile;Quinta Región;Valparaíso,1,"Barbosa, Mauricio",
3,256,Letters,Carta del 25 de febrero de 1860 de Manuel García a Mauricio Barbosa,"García, Manuel",,1860/02/25,Chile;Quinta Región;Valparaíso,1,"Barbosa, Mauricio",
3,257,Letters,Carta del 27 de febrero de 1860 a Mauricio Barbosa,,,1860/02/27,Chile;Octava Región;Gualpen,1,"Barbosa, Mauricio",
3,258,Letters,Carta del 12 de abril de 1860 de Juan Contreras a Mauricio Barbosa,"Contreras, Juan",,1860/04/12,Chile;Octava Región;Arauco,1,"Barbosa, Mauricio",
3,259,Letters,Carta del 04 de abril de 1860 de Manuel García a Mauricio Barbosa,"García, Manuel",,1860/04/04,Chile;Región Metropolitana;Santiago,1,"Barbosa, Mauricio",
3,260,Letters,Carta del 11 de abril de 1860 de Juan Williams a Mauricio Barbosa,"Williams, Juan",,1860/04/11,Chile;Octava Región;Arauco,1,"Barbosa, Mauricio",
3,261,Letters,Carta del 11 de abril de 1860 de Vicente Pérez Rosales a Mauricio Barbosa,"Pérez Rosales, Vicente",,1860/04/11,Chile;Octava Región;Concepción,1,"Barbosa, Mauricio",
3,262,Letters,Carta del 13 de abril de 1860 de Andrés A. Araya a Mauricio Barbosa,"Araya, Andrés A.",,1860/04/13,Chile;Octava Región;Talcahuano,1,"Barbosa, Mauricio",
3,263,Others,Factura de Isidro Salas a Mauricio Barbosa,"Salas, Isidro",,1860/04/11,Chile;Octava Región;Concepción,1,"Barbosa, Mauricio",
3,264,Letters,Carta del 13 de abril de 1860 de Vicente Villalón a Mauricio Barbosa,"Villalón, Vicente",,1860/04/13,Chile;Octava Región;Los Ángeles,1,"Barbosa, Mauricio",
3,265,Letters,Carta del 20 de abril de 1860 de Cornelio Saavedra a Mauricio Barbosa,"Saavedra, Cornelio",,1860/04/20,Chile;Quinta Región;Valparaíso,1,"Barbosa, Mauricio",
3,266,Letters,Carta del 22 de abril de 1860 de Cornelio Saavedra a Vicente Villalón,"Saavedra, Cornelio",,1860/04/22,Chile;Quinta Región;Valparaíso,1,"Villalón, Vicente",
3,267,Letters,Carta del 02 de mayo de 1860 de Juan Contreras a Mauricio Barbosa,"Contreras, Juan",,1860/05/02,Chile;Octava Región;Arauco,1,"Barbosa, Mauricio",
3,268,Letters,Carta del 09 de mayo de 1860 de Daniel García Videla a Maurcicio Barbosa,"García Videla, Daniel",,1860/05/09,Chile;Quinta Región;Tucapel,2,"Barbosa, Mauricio",
3,269,Letters,Carta del 09 de mayo de 1860 de Daniel García Videla a Maurcicio Barbosa,"García Videla, Daniel",,1860/05/09,Chile;Quinta Región;Tucapel,1,"Barbosa, Mauricio",
3,270,Letters,Carta del 11 de mayo de 1860 de Juan Contreras a Mauricio Barbosa,"Contreras, Juan",,1860/05/11,Chile;Octava Región;Arauco,1,"Barbosa, Mauricio",
3,271,Letters,Carta del 20 de mayo de 1860 de Juan Contreras al Comandante de Armas,"Contreras, Juan",,1860/05/20,Chile;Quinta Región;Tucapel,1,,
3,272,Letters,Carta del 25 de mayo de 1860 de Juan Contreras a Mauricio Barbosa,"Contreras, Juan",,1860/05/25,Chile;Quinta Región;Tucapel,1,"Barbosa, Mauricio",
3,273,Letters,Carta del 06 de junio de 1860 de Eleuterio Ramírez a Mauricio Barbosa,"Ramírez, Eleuterio",,1860/06/06,Chile;Quinta Región;Tucapel,1,"Barbosa, Mauricio",
3,274,Letters,Carta del 06 de junio de 1860 de Avello J. a Mauricio Barbosa,"Avello, Juan",,1860/06/06,Chile;Octava Región;Santa Juana,1,"Barbosa, Mauricio",
3,275,Letters,Carta del 07 de junio de 1860 de Daniel García Videla a Maurcicio Barbosa,"García Videla, Daniel",,1860/06/07,Chile;Octava Región;Coronel,1,"Barbosa, Mauricio",
3,276,Letters,Carta del 08 de junio de 1860 de Juan Contreras a Mauricio Barbosa,"Contreras, Juan",,1860/06/08,Chile;Quinta Región;Tucapel,1,"Barbosa, Mauricio",
3,277,Letters,Carta del 11 de junio de 1860 de Juan Contreras a Mauricio Barbosa,"Contreras, Juan",,1860/06/11,Chile;Quinta Región;Tucapel,1,"Barbosa, Mauricio",
3,278,Letters,Carta del 13 de junio de 1860 de Vicente Villalón a Mauricio Barbosa,"Villalón, Vicente",,1860/06/13,Chile;Octava Región;Los Ángeles,1,"Barbosa, Mauricio",
3,279,Letters,Carta anónima del 18 de junio de 1860,,,1860/06/18,Chile;Quinta Región;Tucapel,1,,Tucapel
3,280,Letters,Carta del 18 de junio de 1860 de Juan Contreras a Mauricio Barbosa,"Contreras, Juan",,1860/06/18,Chile;Quinta Región;Tucapel,1,"Barbosa, Mauricio",
3,281,Letters,Carta del 22 de junio de 1860 de Vicente Villalón a Mauricio Barbosa,"Villalón, Vicente",,1860/06/22,Chile;Octava Región;Los Ángeles,1,"Barbosa, Mauricio",
3,282,Letters,Carta del 22 de junio de 1860 de Juan Contreras a Mauricio Barbosa,"Contreras, Juan",,1860/06/22,Chile;Quinta Región;Tucapel,1,"Barbosa, Mauricio",
3,283,Letters,Carta del 22 de junio de 1860 de Vicente Villalón a Mauricio Barbosa,"Villalón, Vicente",,1860/06/22,Chile;Octava Región;Los Ángeles,1,"Barbosa, Mauricio",
3,284,Letters,Carta del 23 de junio de 1860 de Vicente Villalón a Mauricio Barbosa,"Villalón, Vicente",,1860/06/23,Chile;Octava Región;Los Ángeles,1,"Barbosa, Mauricio",
3,285,Letters,Carta del 23 de junio de 1860 de Vicente Villalón a Mauricio Barbosa,"Villalón, Vicente",,1860/06/23,Chile;Octava Región;Los Ángeles,1,"Barbosa, Mauricio",
3,286,Letters,Carta del 23 de junio de 1860 de Vicente Villalón a Comandante de Armas de Arauco,"Villalón, Vicente",,1860/06/23,Chile;Octava Región;Los Ángeles,1,,
3,287,Letters,Carta del 23 de junio de 1860 de Vicente Villalón a Mauricio Barbosa,"Villalón, Vicente",,1860/06/23,Chile;Octava Región;Los Ángeles,1,"Barbosa, Mauricio",
3,288,Letters,Carta del 23 de junio de 1860 de Juan Contreras a Mauricio Barbosa,"Contreras, Juan",,1860/06/23,Chile;Quinta Región;Tucapel,1,"Barbosa, Mauricio",
3,289,Letters,Carta del 25 de junio de 1860 de Juan Contreras a Mauricio Barbosa,"Contreras, Juan",,1860/06/25,Chile;Quinta Región;Tucapel,1,"Barbosa, Mauricio",
3,290,Letters,Carta del 27 de junio de 1860 a Mauricio Barbosa,,,1860/06/27,Chile;Octava Región;Nacimiento,1,"Barbosa, Mauricio",
3,291,Letters,Carta del 28 de junio de 1860 de Juan Contreras a Mauricio Barbosa,"Contreras, Juan",,1860/06/28,Chile;Quinta Región;Tucapel,1,"Barbosa, Mauricio",
3,292,Letters,Carta del 28 de junio de 1860 de Juan Contreras a Mauricio Barbosa,"Contreras, Juan",,1860/06/28,Chile;Quinta Región;Tucapel,1,"Barbosa, Mauricio",
3,293,Letters,Carta del 28 de junio de 1860 de Juan Contreras a Mauricio Barbosa,"Contreras, Juan",,1860/06/28,Chile;Quinta Región;Tucapel,1,"Barbosa, Mauricio",
3,294,Letters,Carta del 28 de junio de 1860 de Eleuterio Ramírez a Mauricio Barbosa,"Ramírez, Eleuterio",,1860/06/28,Chile;Quinta Región;Tucapel,1,"Barbosa, Mauricio",
3,295,Letters,Carta del 28 de junio de 1860 de Daniel García Videla a Maurcicio Barbosa,"García Videla, Daniel",,1860/06/28,Chile;Quinta Región;Tucapel,1,"Barbosa, Mauricio",
3,296,Letters,Carta del 03 de junio de 1860 de Vicente Villalón a Mauricio Barbosa,"Villalón, Vicente",,1860/06/03,Chile;Octava Región;Los Ángeles,1,"Barbosa, Mauricio",
3,297,Letters,Carta del 05 de junio de 1860 de Juan Contreras a Mauricio Barbosa,"Contreras, Juan",,1860/06/05,Chile;Quinta Región;Tucapel,1,"Barbosa, Mauricio",
3,298,Letters,Carta del 05 de junio de 1860 de Vicente Villalón a Mauricio Barbosa,"Villalón, Vicente",,1860/06/05,Chile;Octava Región;Los Ángeles,1,"Barbosa, Mauricio",
3,299,Letters,Carta del 10 de junio de 1860 de Cornelio Saavedra a Mauricio Barbosa,"Saavedra, Cornelio",,1860/06/10,Chile;Quinta Región;Valparaíso,1,"Barbosa, Mauricio",
3,300,Letters,Carta del 10 de junio de 1860 de Cornelio Saavedra a José Antonio Quezada,"Saavedra, Cornelio",,1860/06/10,Chile;Quinta Región;Valparaíso,1,"Quezada, José Antonio",
4,301,Letters,Carta del 17 de julio de 1860 de Cornelio Saavedra a su amigo Mauricio Barbosa,"Saavedra, Cornelio",,1860/07/17,Chile;Quinta Región;Valparaíso,1,"Barbosa, Mauricio",Arauco
4,302,Notes,Nota Nº 75 de Santiago Amengual al Señor Comandante de Armas del departamento de Arauco,"Amengual, Santiago",,1860/07/18,Chile;Región Metropolitana;San Bernardo,1,"Barbosa, Mauricio",Arauco
4,303,Notes,Nota Nº 129 de Vicente Villalón al Comandante de Armas del Departamento de Arauco,"Villalón, Vicente",,1860/07/19,Chile;Octava Región;Ángeles,1,,Arauco
4,304,Letters,Carta del 29 de julio de 1860 de Vicente Villalón al Comandante Mauricio Barbosa,"Villalón, Vicente",,1860/07/29,Chile;Octava Región;Ángeles,2,"Barbosa, Mauricio",Arauco
4,305,Letters,Carta del 27 de julio de 1860 de P. Mi… a Mauricio Barbosa,,,1860/07/27,Chile;Octava Región;Ángeles,2,"Barbosa, Mauricio",Arauco
4,306,Notes,Nota Nº 135 de Vicente Villalón al Comandante de Armas de Arauco,"Villalón, Vicente",,1860/08/10,Chile;Octava Región;Ángeles,1,,Arauco
4,307,Notes,Nota Nº 136 de Vicente Villalón al Comandante de Armas de Arauco,"Villalón, Vicente",,1860/08/09,Chile;Octava Región;Ángeles,1,,Arauco
4,308,Notes,Nota Nº 137 de Vicente Villalón al Comandante de Armas de Arauco,"Villalón, Vicente",,1860/08/13,Chile;Octava Región;Ángeles,1,,Arauco
4,309,Notes,Nota Nº 108 de José Antonio Quezada al Comandante de Armas del Departamento de Arauco,"Quezada, José Antonio",,1860/08/20,Chile;Octava Región;Arauco,1,,Arauco
4,310,Notes,Nota Nº 135 de Pedro Lagos al Gobernador Comandante de Armas del Departamento de Arauco,"Lagos, Pedro",,1860/08/31,Chile;Octava Región;Nacimiento,1,"Barbosa, Mauricio",Arauco
4,311,Notes,Nota Nº 140 de Toribio Fernández al Comandante de Armas de Arauco,"Fernández, Toribio",,1860/08/23,Chile;Octava Región;Ángeles,1,,Arauco
4,312,Circular,Circular Nº 17 de Toribio Fernández al Comandante de Armas de Arauco,"Fernández, Toribio",,1860/09/03,Chile;Octava Región;Ángeles,1,,Arauco
4,313,Letters,Carta del 10 de diciembre de 1860 de Vicente Pérez Rosales a Mauricio Barbosa,"Pérez Rosales, Vicente",,1860/12/10,Chile;Octava Región;Concepción,1,"Barbosa, Mauricio",
4,314,Letters,Carta del 05 de septiembre de 1860 de Vicente Pérez Rosales a su amigo Mauricio Barbosa,"Pérez Rosales, Vicente",,1860/09/05,Chile;Octava Región;Concepción,1,"Barbosa, Mauricio",
4,315,Letters,Carta del 10 de septiembre de 1860 de Vicente Pérez Rosales a su amigo Mauricio Barbosa,"Pérez Rosales, Vicente",,1860/09/10,Chile;Octava Región;Concepción,1,"Barbosa, Mauricio",
4,316,Letters,Carta del 10 de septiembre de 1860 de Cornelio Saavedra a su amigo Mauricio Barbosa,"Saavedra, Cornelio",,1860/09/10,Chile;Quinta Región;Valparaíso,1,"Barbosa, Mauricio",
4,317,Letters,Carta del 10 de septiembre de 1860 de Juan Guenuman al Coronel,"Guenuman, Juan",,1860/09/10,Chile;Novena Región;Temuco,1,,
4,318,Notes,Nota de Juan de Dios López al Coronel del Ejércitor Pacificador,"López, Juan De Dios",,1860/09/11,Chile;Octava Región;Cupaño,1,,Arauco
4,319,Notes,Nota Nº 120 de José Antonio Quezada a. Coronel y Comandante de Armas del Departamento de Arauco,"Quezada, José Antonio",,1860/09/13,Chile;Octava Región;Arauco,1,,Arauco
4,320,Notes,Nota de José María Zúñiga al Coronel y Comandante de Armas de la plaza de Arauco,"Zúñiga, José María",,1860/09/17,Chile;Octava Región;Arauco,1,,Arauco
4,321,Notes,Nota de Juan de Dios López al Coronel del Ejércitor Pacificador,"López, Juan De Dios",,1860/09/24,Chile;Octava Región;Cupaño,1,,Arauco
4,322,Letters,Carta del 25 de septiembre de 1860 de Manuel García a Mauricio Barbosa,"García, Manuel",,1860/09/25,Chile;Región Metropolitana;Santiago,1,"Barbosa, Mauricio",
4,323,Letters,Carta del 26 de septiembre de 1860 de Vicente Pérez Rosales a su amigo Mauricio Barbosa,"Pérez Rosales, Vicente",,1860/09/26,Chile;Octava Región;Concepción,1,"Barbosa, Mauricio",
4,324,Notes,Nota Nº 152 de Toribio Fernández al Comandante de Armas de Arauco,"Fernández, Toribio",,1860/09/26,Chile;Octava Región;Ángeles,1,,Arauco
4,325,Letters,Carta del 28 de septiembre de 1860 dirigida a Mauricio Barbosa,,,1860/09/28,Chile;Octava Región;Ángeles,1,"Barbosa, Mauricio",Arauco
4,326,Letters,Carta del 03 de octubre de 1860 de Vicente Villalón a su amigo Mauricio Barbosa,"Villalón, Vicente",,1860/10/03,Chile;Octava Región;Ángeles,1,"Barbosa, Mauricio",
4,327,Letters,Carta del 04 de octubre de 1680 de Cornelio Saavedra a su amigo Mauricio Barbosa,"Saavedra, Cornelio",,1680/10/04,Chile;Quinta Región;Valparaíso,1,"Barbosa, Mauricio",
4,328,Letters,Carta del 05 de octubre de 1860 de José Catrileo a Juan (Guesaman),"Catrileo, José",,1860/10/05,Chile;Octava Región;Nacimiento,1,"Guesamanqui, Juan",
4,329,Letters,Carta del 19 de octubre de 1860 de Juan Guesamanqui al Coronel Mauricio Barbosa,"Guesamanqui, Juan",,1860/10/19,Chile;Novena Región;Temuco,1,"Barbosa, Mauricio",
4,330,Notes,Nota Nº 170 de Vicente Villalón al Comandante de Armas de Arauco,"Villalón, Vicente",,1860/10/18,Chile;Octava Región;Ángeles,1,"Barbosa, Mauricio",Arauco
4,331,Letters,Carta del 18 de octubre de 1860 de Vicente Villalón a su amigo Mauricio Barbosa,"Villalón, Vicente",,1860/10/18,Chile;Octava Región;Ángeles,1,"Barbosa, Mauricio",
4,332,Letters,Carta del 21 de octubre de 1860 de Cornelio Saavedra a su amigo Mauricio Barbosa,"Saavedra, Cornelio",,1860/10/21,Chile;Quinta Región;Valparaíso,1,"Barbosa, Mauricio",
4,333,Notes,Nota Nº 171 de Vicente Villalón al Comandante de Armas de Arauco,"Villalón, Vicente",,1860/10/22,Chile;Octava Región;Ángeles,1,,Arauco
4,334,Notes,Nota de José María Carrillo al Coronel Jefe de Operaciones de las Costa,"Carrillo, José María",,1860/10/22,Chile;Octava Región;Yani,1,,
4,335,Letters,Carta del 22 de octubre de 1860 de Marino Cueto a su amigo Mauricio Barbosa,"Cueto, Marino",,1860/10/22,Chile;Región Metropolitana;Santiago,1,"Barbosa, Mauricio",Arauco
4,336,Notes,Nota Nº 20 de Vicente Pérez Rosales al Comandante del Batallón del 5º de línea,"Pérez Rosales, Vicente",,1860/10/23,Chile;Octava Región;Concepción,1,,
4,337,Letters,Carta del 23 de octubre de 1860 de Vicente Pérez Rosales a su amigo Mauricio Barbosa,"Pérez Rosales, Vicente",,1860/10/23,Chile;Octava Región;Concepción,1,"Barbosa, Mauricio",
4,338,Notes,Nota Nº 393 de Juan Avello al Comandante de Armas de Arauco,"Avello, Juan",,1860/10/24,Chile;Octava Región;Santa Juana,1,,Arauco
4,339,Letters,Carta del 24 de octubre de 1860 de Manuel García a su amigo Mauricio Barbosa,"García, Manuel",,1860/10/24,Chile;Región Metropolitana;Santiago,1,"Barbosa, Mauricio",
4,340,Letters,Carta del 11 de noviembre de 1872 de Carlos Masido a Mauricio Barbosa,"Masido, Carlos",,1872/11/11,Chile;Pelelo?,1,"Barbosa, Mauricio",
4,341,Letters,Carta firmada por Manuel Montt,"Montt, Manuel",,[Siglo XIX],,1,,
4,342,Notes,Nota Nº 177 de Vicente Villalón al Comandante del Batallón 5º de línea,"Villalón, Vicente",,1860/10/24,Chile;Octava Región;Ángeles,1,,
4,343,Notes,Nota Nº 178 de Vicente Villalón al Comandante de Armas del departamento de Arauco,"Villalón, Vicente",,1860/10/25,Chile;Octava Región;Ángeles,2,,Arauco
4,344,Notes,Nota de Vicente Villalón al Comandante de Armas de Arauco,"Villalón, Vicente",,1860/10/25,Chile;Octava Región;Ángeles,1,,Arauco
4,345,Letters,Carta del 25 de octubre de 1860 de Vicente Villallón a su amigo Mauricio Barbosa,"Villalón, Vicente",,1860/10/25,Chile;Octava Región;Ángeles,1,"Barbosa, Mauricio",
4,346,Letters,Carta del 25 de octubre de 1860 de José Sepúlveda al Coronel Mauricio Barbosa,"Sepúlveda, José",,1860/10/25,Chile;Octava Región;Nacimiento,1,"Barbosa, Mauricio",
4,347,Letters,Carta del 26 de octubre de 1860 de Manuel García a Mauricio Barbosa,"García, Manuel",,1860/10/26,Chile;Región Metropolitana;Santiago,1,"Barbosa, Mauricio",
4,348,Notes,Nota N° 399 de Juan Avello al Comandante de Armas del Departamento de Arauco,"Avello, Juan",,1860/10/26,Chile;Octava Región;Santa Juana,1,,Arauco
4,349,Letters,Carta del 26 de octubre de 1860 de E. Boonen a su amigo Mauricio Barbosa,"Boonen, E?",,1860/10/26,Chile;Octava Región;Coronel,1,"Barbosa, Mauricio",
4,350,Letters,Carta del 26 de octubre de 1860 de Juan Avello a Mauricio Barbosa,"Avello, Juan",,1860/10/26,Chile;Octava Región;Santa Juana,1,"Barbosa, Mauricio",
4,351,Letters,Carta del 28 de octubre de 1860 de Vicente Villalón a su amigo Mauricio Barbosa,"Villalón, Vicente",,1860/10/28,Chile;Octava Región;Los Ángeles,1,"Barbosa, Mauricio",
4,352,Letters,Carta del 27 de octubre de 1860 de Cornelio Saavedra a su amigo Mauricio Barbosa,"Saavedra, Cornelio",,1860/10/27,Chile;Quinta Región;Valparaíso,1,"Barbosa, Mauricio",
4,353,Letters,Carta del 27 de octubre de 1860 de Vicente Pérez Rosales a Mauricio Barbosa,"Pérez Rosales, Vicente",,1860/10/27,Chile;Octava Región;Lota,1,"Barbosa, Mauricio",
4,354,Letters,Carta del 30 de octubre de 1860 de Vicente Villalón a su amigo Mauricio Barbosa,"Villalón, Vicente",,1860/10/30,Chile;Octava Región;Los Ángeles,1,"Barbosa, Mauricio",
4,355,Letters,Carta del 30 de octubre de 1860 de Vicente Villalón a su amigo Mauricio Barbosa,"Villalón, Vicente",,1860/10/30,Chile;Octava Región;Los Ángeles,1,"Barbosa, Mauricio",
4,356,Letters,Carta del 30 de octubre de 1860 de Vicente Pérez Rosales a Mauricio Barbosa,"Pérez Rosales, Vicente",,1860/10/30,Chile;Octava Región;Concepción,1,"Barbosa, Mauricio",
4,357,Letters,Carta del 30 de octubre de 1860 de Vicente Pérez Rosales a Mauricio Barbosa,"Pérez Rosales, Vicente",,1860/10/30,Chile;Octava Región;Concepción,1,"Barbosa, Mauricio",
4,358,Letters,Carta del 31 de octubre de 1860 de Vicente Villalón a Mauricio Barbosa,"Villalón, Vicente",,1860/10/31,Chile;Octava Región;Los Ángeles,1,"Barbosa, Mauricio",
4,359,Letters,Carta del 01 de noviembre de 1860 de Manuel Segundo Escala a Mauricio Barbosa,"Escala, Manuel Segundo",,1860/11/01,Chile;Octava Región;Concepción,1,"Barbosa, Mauricio",
4,360,Letters,Carta del 02 de noviembre de 1860 de José María Carrillo a Mauricio Barbosa,"Carrillo, José María",,1860/11/02,Chile;Guilañanen,1,"Barbosa, Mauricio",
4,361,Letters,Carta del 04 de noviembre de 1860 de José María Carrillo a Mauricio Barbosa,"Carrillo, José María",,1860/11/04,Chile;Octava Región;Quiapo,1,"Barbosa, Mauricio",
4,362,Letters,Carta del 08 de noviembre de 1860 de José Antonio Quezada a Mauricio Barbosa,"Quezada, José Antonio",,1860/11/08,Chile;Octava Región;Arauco,1,"Barbosa, Mauricio",Arauco
4,363,Letters,Carta del 10 de noviembre de 1860 de Vicente Villalón a Mauricio Barbosa,"Villalón, Vicente",,1860/11/10,Chile;Octava Región;Los Ángeles,1,"Barbosa, Mauricio",
4,364,Letters,Carta del 10 de noviembre de 1860 de Vicente Villalón a Mauricio Barbosa,"Villalón, Vicente",,1860/11/10,Chile;Octava Región;Los Ángeles,1,"Barbosa, Mauricio",
4,365,Letters,Carta del 10 de noviembre de 1860 de José Sepúlveda a Mauricio Barbosa,"Sepúlveda, José",,1860/11/10,Chile;Octava Región;Nacimiento,1,"Barbosa, Mauricio",
4,366,Letters,Carta del 12 de noviembre de 1860 de Vicente Villalón a Mauricio Barbosa,"Villalón, Vicente",,1860/11/12,Chile;Octava Región;Los Ángeles,1,"Barbosa, Mauricio",
4,367,Letters,Carta del 17 de noviembre de 1860 de Vicente Pérez Rosales a Mauricio Barbosa,"Pérez Rosales, Vicente",,1860/11/17,Chile;Octava Región;Concepción,1,"Barbosa, Mauricio",
4,368,Letters,Carta del 21 de noviembre de 1860 de Francisco del Río a Mauricio Barbosa,"Río, Francisco Del",,1860/11/21,Chile;Octava Región;Arauco,1,"Barbosa, Mauricio",Arauco
4,369,Letters,Carta del 22 de noviembre de 1860 de Vicente Villalón a Mauricio Barbosa,"Villalón, Vicente",,1860/11/22,Chile;Octava Región;Los Ángeles,1,"Barbosa, Mauricio",
4,370,Letters,Carta del 22 de noviembre de 1860 de Vicente Villalón a Mauricio Barbosa,"Villalón, Vicente",,1860/11/22,Chile;Octava Región;Los Ángeles,1,"Barbosa, Mauricio",
4,371,Letters,Carta del 23 de noviembre de 1860 al Comandante de Armas de Arauco,,,1860/11/23,Chile;Octava Región;Los Ángeles,1,,Arauco
4,372,Letters,Carta del 23 de noviembre de 1860 de Vicente Villalobos al comandante de Armas de Arauco,"Villalobos, Vicente",,1860/11/23,Chile;Octava Región;Los Ángeles,1,,Arauco
4,373,Letters,Carta del 23 de noviembre de 1860 de Vicente Villalobos a Mauricio Barbosa,"Villalobos, Vicente",,1860/11/23,Chile;Octava Región;Los Ángeles,2,"Barbosa, Mauricio",Arauco
4,374,Letters,Carta del 28 de noviembre de 1860 de Juan Avello al Comandante de Armas de Arauco,"Avello, Juan",,1860/11/28,Chile;Octava Región;Santa Juana,1,,Arauco
4,375,Oficio,"Oficio de Eleuterio Ramírez y respuesta al mismo, firmado por Barbosa, Chacón, Urrutia, García Díaz y Contreras.","Ramírez, Eleuterio","Barbosa, Mauricio",1859/11/22,Chile;Octava Región;Arauco,2,,Arauco
4,376,Oficio,"Oficio de Mauricio Barbosa a Eleuterio Ramírez y firmado por Barbosa, Chacón, Urrutia, García Díaz y Contreras.","Barbosa, Mauricio",,1859/11/22,Chile;Octava Región;Arauco,2,"Ramírez, Eleuterio",Arauco
4,377,Oficio,Oficio de Mauricio Barbosa,"Barbosa, Mauricio",,1859/11/19,Chile;Octava Región;Arauco,2,,Arauco
4,378,Oficio,"Oficio del Consejo de Guerra. Compuesto por J. Contreras, D. García, A. Urrutia. J. Wood, B. Chacón.",Consejo De Guerra,,1859/12/28,Chile;Paicaví,2,,Arauco
4,379,Oficio,Oficio de J. Díaz al comandante de Armas de Arauco,"Díaz, José Del Carmen",,1859/12/25,Chile;Octava Región;Arauco,1,,Arauco
4,380,Letters,Carta del 02 de marzo de 1860 de Nicolás Saavedra al jefe de Operaciones de la Baja Frontera,"Saavedra, Nicolás",,1860/03/02,Chile;Octava Región;Lebu,1,"Barbosa, Mauricio",
4,381,Letters,Carta del 02 de marzo de 1860 de J. A. Quezada al jefe de la división pacificadora de Arauco.,"Quezada, José Antonio",,1860/03/02,Chile;Octava Región;Arauco,1,"Barbosa, Mauricio",
4,382,Letters,Carta del 04 de marzo de 1860 de J. A. Quezada al comandante en jefe de la división de Operaciones.,"Quezada, José Antonio",,1860/03/04,Chile;Octava Región;Arauco,1,"Barbosa, Mauricio",
4,383,Letters,Carta del 02 de marzo de 1860 de Vicente Villalobos a Mauricio Barbosa,"Villalobos, Vicente",,1860/03/02,Chile;Octava Región;Los Ángeles,2,"Barbosa, Mauricio",
4,384,Letters,Carta del 04 de marzo de 1860 de J. Del C. Díaz,"Díaz, José Del Carmen",,1860/03/04,Chile;Octava Región;Arauco,2,"Barbosa, Mauricio",
4,385,Letters,Carta del 13 de marzo de 1860 de Vicente Pérez Rosales,"Pérez Rosales, Vicente",,1860/03/13,Chile;Octava Región;Concepción,2,"Barbosa, Mauricio",
4,386,Letters,Carta del 16 de marzo de 1860 de Vicente Villalón a Mauricio Barbosa,"Villalón, Vicente",,1860/03/16,Chile;Octava Región;Ángeles,1,"Barbosa, Mauricio",
4,387,Letters,Carta del 16 de marzo de 1860 de Manuel García a Mauricio Barbosa,"García, Manuel",,1860/03/16,Chile;Región Metropolitana;Santiago,1,"Barbosa, Mauricio",
4,388,Letters,Carta del 22 de marzo de 1860 de Manuel García a Mauricio Barbosa,"García, Manuel",,1860/03/22,Chile;Región Metropolitana;Santiago,1,"Barbosa, Mauricio",
4,389,Notes,"Nota Nº 363 de Manuel García al Coronel Graduado Don Mauricio Barbosa, para el establecimiento de una guarnición en Nagalhue","García, Manuel",,[Siglo XIX],,1,"Barbosa, Mauricio",Nagalhue
4,390,Letters,Carta del 31 de marzo de 1860 de Juan Contreras a Mauricio Barbosa,"Contreras, Juan",,1860/03/31,Chile;Octava Región;Arauco,1,"Barbosa, Mauricio",Arauco
4A,391,Others,"Cuadro General del Ejército del Sur, Estado que manifiesta la fuerza efectiva que tiene este Ejército, con espresión de los cuerpos que lo componen i los puntos en que se hallan distribuidos hoy día de la fecha","Gómez Solar, Egidio","León, Juan De",1881/04/11,Chile;Novena Región;Angol,1,,
4,392,Others,Caciques de la costa,,,[Siglo XIX],,1,,
4,393,Letters,Carta en la cual Bernabé Chacón renuncia a su puesto de Capitán Cívico del Regimiento Lautaro,"Chacón, Bernabé",,[Siglo XIX],,1,,
4,394,Others,"Relación de los caciques que deben comparecer el domingo 2 del entrante en Collico, por invitación de los caciques Epúleo Ñancucheo","Fernández, Antonio José",,1862/10/24,Chile;Octava Región;Negrete,1,,
4,395,Report,Informe al Ministro de Guerra sobre una expedición hecha al interior del territorio araucano con motivo de un levantamiento de los indios,,,[Siglo XIX],,21,,Arauco
4,396,Others,"Relación de cuarenta y ocho (48) legajos de correspondencia privada y oficial del Ex-General Saavedra, referente a la pacificación de la Araucanía",Capitán Gacitúa,,1905/12/12,Chile;Región Metropolitana;Santiago,2,"Saavedra, Cornelio",
4,397,Report,Informe sobre el estudio de la línea de fuertes que Argentina ha establecido a orillas del Río Negro y en los boquetes de la Cordillera de Los Andes,,,1884/11/14,Chile;Novena Región;Angol,6,,"Argentina, Río Negro, Cordillera de Los Andes"
4A,398,Map,Mapa de 31x44 cms.de la zona de Arauco,,,[Siglo XIX],,1,,Arauco
4A,399,Map,"Mapa de 60x89 cms. de la Región de Arauco, mostrando detalles desde hidrográficos desde Concepción hasta Villarrica",,,[Siglo XIX],,1,,Arauco
4,887,Archives (series),Serie de documentos que dan cuenta de los servicios que prestó Juan Bautista Rosales durante la Pacificación de la Araucanía,,,1862-1909,,46,,
4,888,Archives (series),Serie de documentos oficiales firmados por Belisario Prats referentes a las campañas en la Araucanía,,,1877,,54,,
61,1643,Book,Libro copiador de correspondencia del general Gregorio Urrutia Venegas,"Urrutia Venegas, Gregorio",,1866/05/04,Chile;Octava Región;Lota,600,,
62,1677,Letters,Carta del 27 de agosto de 1877 de Cornelio Saavedra a Gregorio Urrutia,"Saavedra, Cornelio",,1877/08/27,Chile;Región Metropolitana;Santiago,1,"Urrutia Venegas, Gregorio",
