,Box,Id,Type,Title,Author,Author2,Date,Location,Nb,People,Geo,Condition,files
0,3,150,Letters,Carta del 08 de noviembre de 1859 de Cornelio Saavedera a Mauricio Barbosa,"Saavedra, Cornelio",,1859/11/08,,1,"Barbosa, Mauricio",,True,data/JPG/150_b.jpg;data/JPG/150_a.jpg;
1,3,151,Letters,Carta del 13 de noviembre de 1859 de Cornelio Saavedra a Mauricio Barbosa,"Saavedra, Cornelio",,1859/11/13,Chile;Quinta Región;Valparaíso,2,"Barbosa, Mauricio",,True,data/JPG/151_1_b.jpg;data/JPG/151_1_a.jpg;data/JPG/151_2_a.jpg;data/JPG/151_2_b.jpg;
2,3,152,Letters,Carta del 13 de noviembre de 1859 de Cornelio Saavedra a Mauricio Barbosa,"Saavedra, Cornelio",,1859/11/13,Chile;Quinta Región;Valparaíso,1,"Barbosa, Mauricio",,True,data/JPG/152_b.jpg;data/JPG/152_a.jpg;
3,3,153,Others,Relación de los pertrechos de guerra que se han embarcado para el ejército de Operaciones del Sur,"Valdivieso, Samuel",,1859/11/13,Chile;Quinta Región;Valparaíso,1,,,Verify !,data/JPG/153_b.jpg;
4,3,154,Letters,Carta del 15 de noviembre de 1859 de José Antonio Quezada a Mauricio Barbosa,"Quezada, José Antonio",,1859/11/15,Chile;Octava Región;Arauco,1,"Barbosa, Mauricio",,True,data/JPG/154_a.jpg;data/JPG/154_b.jpg;
5,3,155,Letters,Carta del 16 de noviembre de 1859 de Aniceto Cordovez a Mauricio Barbosa,"Cordovez, Aniceto",,1859/11/16,Chile;Octava Región;Concepción,1,"Barbosa, Mauricio",,True,data/JPG/155_b.jpg;data/JPG/155_a.jpg;
6,3,156,Letters,Carta del 16 de noviembre de 1859 de Cornelio Saavedra a Mauricio Barbosa,"Saavedra, Cornelio",,1859/11/16,Chile;Quinta Región;Valparaíso,1,"Barbosa, Mauricio",,True,data/JPG/156_b.jpg;data/JPG/156_a.jpg;
7,3,157,Letters,Carta del 19 de noviembre de 1859 de Manuel Escala a Mauricio Barbosa,"Escala, Manuel Segundo",,1859/11/19,Chile;Octava Región;Arauco,1,"Barbosa, Mauricio",,True,data/JPG/157_b.jpg;data/JPG/157_a.jpg;
8,3,158,Letters,Carta del 19 de noviembre de 1859 de Aniceto Cordovez a Mauricio Barbosa,"Cordovez, Aniceto",,1859/11/19,Chile;Octava Región;Concepción,1,"Barbosa, Mauricio",,True,data/JPG/158_b.jpg;data/JPG/158_a.jpg;
9,3,159,Letters,Carta del 21 de noviembre de 1859 de Cornelio Saavedra a Mauricio Barbosa,"Saavedra, Cornelio",,1859/11/21,Chile;Quinta Región;Valparaíso,1,"Barbosa, Mauricio",,True,data/JPG/159_b.jpg;data/JPG/159_a.jpg;
10,3,160,Letters,Carta del 24 de noviembre de 1859 de Cornelio Saavedra a Manuel Pomar,"Saavedra, Cornelio",,1859/11/24,Chile;Quinta Región;Valparaíso,1,"Pomar, Manuel",,True,data/JPG/160_a.jpg;data/JPG/160_b.jpg;
11,3,161,Letters,Carta del 24 de noviembre de 1859 de Cornelio Saavedra a Mauricio Barbosa,"Saavedra, Cornelio",,1859/11/24,Chile;Quinta Región;Valparaíso,1,"Barbosa, Mauricio",,True,data/JPG/161_a.jpg;data/JPG/161_b.jpg;
12,3,162,Letters,Carta del 24 de noviembre de 1859 de Aniceto Cordovez a Mauricio Barbosa,"Cordovez, Aniceto",,1859/11/24,Chile;Octava Región;Concepción,1,"Barbosa, Mauricio",,True,data/JPG/162_b.jpg;data/JPG/162_a.jpg;
13,3,163,Letters,Carta del 24 de noviembre de 1859 de Manuel Segundo Escala a Mauricio Barbosa,"Escala, Manuel Segundo",,1859/11/24,Chile;Región Metropolitana;Santiago,1,"Barbosa, Mauricio",,True,data/JPG/163_a.jpg;data/JPG/163_b.jpg;
14,3,164,Letters,Carta del 25 de noviembre de 1859 de Manuel Segundo Escala a Mauricio Barbosa,"Escala, Manuel Segundo",,1859/11/25,Chile;Octava Región;Arauco,1,"Barbosa, Mauricio",,True,data/JPG/164_b.jpg;data/JPG/164_a.jpg;
15,3,165,Letters,Carta del 26 de noviembre de 1859 de Manuel Segundo Escala a Mauricio Barbosa,"Escala, Manuel Segundo",,1859/11/26,Chile;Octava Región;Bahía de Arauco,1,"Barbosa, Mauricio",,True,data/JPG/165_b.jpg;data/JPG/165_a.jpg;
16,3,166,Letters,Carta del 24 de noviembre de 1859 de Jorge Wood al coronel comandante en jefe de las fuerzas de Arauco,"Wood, Jorge",,1859/11/24,"Chile;Octava Región;Vapor Maipú, Lota",1,,,True,data/JPG/166_a.jpg;data/JPG/166_b.jpg;
17,3,167,Letters,Carta del 26 de noviembre de 1859 de Nicolás Saavedra al Comandante en Jefe de las Fuerzas de Arauco,"Saavedra, Nicolás",,1859/11/26,Chile;Octava Región;Lota,1,,,True,data/JPG/167_b.jpg;data/JPG/167_a.jpg;
18,3,168,Letters,Carta del 26 de noviembre de 1859 de Cornelio Saavedra a Mauricio Barbosa,"Saavedra, Cornelio",,1859/11/26,Chile;Quinta Región;Valparaíso,1,"Barbosa, Mauricio",,True,data/JPG/168_b.jpg;data/JPG/168_a.jpg;
19,3,169,Letters,Carta del 26 de noviembre de 1859 de Aniceto Cordovez a Mauricio Barbosa,"Cordovez, Aniceto",,1859/11/26,Chile;Octava Región;Concepción,1,"Barbosa, Mauricio",,True,data/JPG/169_b.jpg;data/JPG/169_a.jpg;
20,3,170,Letters,Carta del 27 de noviembre de 1859 de Jorge Wood al coronel comandante en jefe de las fuerzas de Arauco,"Wood, Jorge",,1859/11/27,Chile;Octava Región;Lota,1,,,True,data/JPG/170_b.jpg;data/JPG/170_a.jpg;
21,3,171,Letters,Carta del 28 de noviembre de 1859 de Avello a Mauricio Barbosa,"Avello, Juan",,1859/11/28,Chile;Octava Región;Concepción,1,"Barbosa, Mauricio",,True,data/JPG/171_a.jpg;data/JPG/171_b.jpg;
22,3,172,Letters,Carta del 30 de noviembre de 1859 de Aniceto Cordovez a Mauricio Barbosa,"Cordovez, Aniceto",,1859/11/30,Chile;Octava Región;Concepción,1,"Barbosa, Mauricio",,True,data/JPG/172_b.jpg;data/JPG/172_a.jpg;
23,3,173,Letters,Carta del 30 de noviembre de 1859 de Vincente Villalon a Mauricio Barbosa,"Villalón, Vicente",,1859/11/30,Chile;Octava Región;Los Ángeles,2,"Barbosa, Mauricio",,True,data/JPG/173_1_a.jpg;data/JPG/173_2_b.jpg;data/JPG/173_2_a.jpg;data/JPG/173_1_b.jpg;
24,3,174,Others,"Inventario de municiones, atalaje, piezas de artillería, armas y pertrechos de guerra existentes en el Departamento de Arauco al 30 de noviembre de 1859",,,1859/11/30,Chile;Octava Región;Arauco,1,,Arauco,True,data/JPG/174_a.jpg;data/JPG/174_b.jpg;
25,3,175,Letters,Carta del 02 de diciembre de 1859 de Vicente Villalon a Mauricio Barbosa,"Villalón, Vicente",,1859/12/02,Chile;Octava Región;Los Ángeles,1,"Barbosa, Mauricio",,True,data/JPG/175_b.jpg;data/JPG/175_a.jpg;
26,3,176,Letters,Carta del 03 de diciembre de 1859 de Manuel Segundo Escala a Mauricio Barbosa,"Escala, Manuel Segundo",,1859/12/03,Chile;Octava Región;Arauco,1,"Barbosa, Mauricio",,True,data/JPG/176_a.jpg;data/JPG/176_b.jpg;
27,3,177,Letters,Carta del 05 de diciembre de 1859 a Manuel Montt,,,1859/12/05,Chile;Octava Región;Arauco,2,"Montt, Manuel",,True,data/JPG/177_a.jpg;data/JPG/177_2a.jpg;data/JPG/177_2b.jpg;data/JPG/177_1b.jpg;
28,3,178,Letters,Carta del 04 de diciembre de 1859 de Manuel García a Mauricio Barbosa,"García, Manuel",,1859/12/04,Chile;Región Metropolitana;Santiago,1,"Barbosa, Mauricio",,True,data/JPG/178_a.jpg;data/JPG/178_b.jpg;
29,3,179,Letters,Carta del 05 de diciembre de 1859 de Manuel García a Mauricio Barbosa,"García, Manuel",,1859/12/05,Chile;Región Metropolitana;Santiago,1,"Barbosa, Mauricio",,True,data/JPG/179_b.jpg;data/JPG/179_a.jpg;
30,3,180,Circular,Circular de Cornelio Saavedra a Mauricio Barbosa,"Saavedra, Cornelio",,1859/12/06,Chile;Quinta Región;Valparaíso,1,"Barbosa, Mauricio",,True,data/JPG/180_a.jpg;data/JPG/180_b.jpg;
31,3,181,Letters,Carta del 06 de diciembre de 1859 de Cornelio Saavedra a Mauricio Barbosa,"Saavedra, Cornelio",,1859/12/06,Chile;Quinta Región;Valparaíso,1,"Barbosa, Mauricio",,True,data/JPG/181_a.jpg;data/JPG/181_b.jpg;
32,3,182,Letters,Carta del 08 de diciembre de 1859 de Vicente Villalon a Mauricio Barbosa,"Villalón, Vicente",,1859/12/08,Chile;Octava Región;Los Ángeles,1,"Barbosa, Mauricio",,True,data/JPG/182_b.jpg;data/JPG/182_a.jpg;
33,3,183,Letters,Carta del 08 de diciembre de 1859 de Aniceto Cordovez a Mauricio Barbosa,"Cordovez, Aniceto",,1859/12/08,Chile;Octava Región;Concepción,1,"Barbosa, Mauricio",,True,data/JPG/183_b.jpg;data/JPG/183_a.jpg;
34,3,184,Letters,Carta del 10 de diciembre de 1859 de Cornelio Saavedra a Mauricio Barbosa,"Saavedra, Cornelio",,1859/12/10,Chile;Quinta Región;Valparaíso,1,"Barbosa, Mauricio",,True,data/JPG/184_a.jpg;data/JPG/184_b.jpg;
35,3,185,Letters,Carta del 12 de diciembre de 1859 de Andrés Campos a Vicente Villalón,"Campos, Andrés",,1859/12/12,Chile;Octava Región;Nacimiento,1,"Villalón, Vicente",,True,data/JPG/185_b.jpg;data/JPG/185_a.jpg;
36,3,186,Letters,Carta del 12 de diciembre de 1859 de Andrés Campos al cacique Pinolesí,"Campos, Andrés",,1859/12/12,Chile;Octava Región;Nacimiento,1,Cacique Pinolesí,,True,data/JPG/186_a.jpg;data/JPG/186_b.jpg;
37,3,187,Letters,Carta del 12 de diciembre de 1859 de Andrés Campos al cacique José Catrileo,"Campos, Andrés",,1859/12/12,Chile;Octava Región;Nacimiento,1,"Catrileo, José",,True,data/JPG/187_b.jpg;data/JPG/187_a.jpg;
38,3,188,Letters,Carta del 13 de diciembre de 1859 de Vicente Villalon a Mauricio Barbosa,"Villalón, Vicente",,1859/12/13,Chile;Octava Región;Los Ángeles,1,"Barbosa, Mauricio",,True,data/JPG/188_a.jpg;data/JPG/188_b.jpg;
39,3,189,Letters,Carta del 14 de diciembre de 1859 de José del Carmen Díaz a Mauricio Barbosa,"Díaz, José Del Carmen",,1859/12/14,Chile;Octava Región;Arauco,1,"Barbosa, Mauricio",,True,data/JPG/189_a.jpg;data/JPG/189_b.jpg;
40,3,190,Letters,Carta del 14 de diciembre de 1859 de Vicente Villalon a Mauricio Barbosa,"Villalón, Vicente",,1859/12/14,Chile;Octava Región;Nacimiento,1,"Barbosa, Mauricio",,True,data/JPG/190_b.jpg;data/JPG/190_a.jpg;
41,3,191,Letters,Carta del 15 de diciembre de 1859 de Vicente Villalón a Mauricio Barbosa,"Villalón, Vicente",,1859/12/15,Chile;Octava Región;Los Ángeles,1,"Barbosa, Mauricio",,True,data/JPG/191_b.jpg;data/JPG/191_a.jpg;
42,3,192,Letters,Carta del 19 de diciembre de 1859 de José Sepúlveda a Mauricio Barbosa,"Sepúlveda, José",,1859/12/19,Chile;Octava Región;Nacimiento,1,"Barbosa, Mauricio",,True,data/JPG/192_a.jpg;data/JPG/192_b.jpg;
43,3,193,Letters,Carta del 15 de diciembre de 1859 de José del Carmen Díaz a Mauricio Barbosa,"Díaz, José Del Carmen",,1859/12/15,Chile;Octava Región;Arauco,1,"Barbosa, Mauricio",,True,data/JPG/193_b.jpg;data/JPG/193_a.jpg;
44,3,194,Letters,Carta del 16 de diciembre de 1859 de Cornelio Saavedra a Mauricio Barbosa,"Saavedra, Cornelio",,1859/12/16,Chile;Quinta Región;Valparaíso,1,"Barbosa, Mauricio",,True,data/JPG/194_a.jpg;data/JPG/194_b.jpg;
45,3,195,Letters,Carta del 16 de diciembre de 1859 de José del Carmen Díaz a Mauricio Barbosa,"Díaz, José Del Carmen",,1859/12/16,Chile;Octava Región;Arauco,1,"Barbosa, Mauricio",,True,data/JPG/195_a.jpg;data/JPG/195_b.jpg;
46,3,196,Letters,Carta del 17 de diciembre de 1859 de Manuel Segundo Escala a Mauricio Barbosa,"Escala, Manuel Segundo",,1859/12/17,Chile;Octava Región;Bahía de Arauco,1,"Barbosa, Mauricio",,True,data/JPG/196_a.jpg;data/JPG/196_b.jpg;
47,3,197,Letters,Carta del 17 de diciembre de 1859 de Manuel Segundo Escala a Mauricio Barbosa,"Escala, Manuel Segundo",,1859/12/17,Chile;Octava Región;Bahía de Arauco,1,"Barbosa, Mauricio",,True,data/JPG/197_b.jpg;data/JPG/197_a.jpg;
48,3,198,Letters,Carta del 23 de diciembre de 1859 de Cornelio Saavedra a Mauricio Barbosa,"Saavedra, Cornelio",,1859/12/23,Chile;Quinta Región;Valparaíso,2,"Barbosa, Mauricio",,True,data/JPG/198_2_b.jpg;data/JPG/198_1_a.jpg;data/JPG/198_1_b.jpg;data/JPG/198_2_a.jpg;
49,3,199,Letters,Carta del 26 de diciembre de 1859 de José del Carmen Díaz a Mauricio Barbosa,"Díaz, José Del Carmen",,1859/12/26,Chile;Octava Región;Arauco,1,"Barbosa, Mauricio",,True,data/JPG/199_b.jpg;data/JPG/199_a.jpg;
50,3,200,Letters,Carta del 26 de diciembre de 1859 de José del Carmen Díaz a Mauricio Barbosa,"Díaz, José Del Carmen",,1859/12/26,Chile;Octava Región;Arauco,1,"Barbosa, Mauricio",,True,data/JPG/200_b.jpg;data/JPG/200_a.jpg;
51,3,201,Letters,Carta del 27 de diciembre de 1859 de Manuel Segundo Escala a Comandante en Jefe de la división de operaciones de Arauco,"Escala, Manuel Segundo",,1859/12/27,Chile;Octava Región;Arauco,1,,,True,data/JPG/201_a.jpg;data/JPG/201_b.jpg;
52,3,202,Letters,Carta del 21 de diciembre de 1859 de Nicolás Saavedra al Comandante en Jefe de las Fuerzas de Arauco,"Saavedra, Nicolás",,1859/12/21,Chile;Octava Región;Lebu,1,,,True,data/JPG/202_b.jpg;data/JPG/202_a.jpg;
53,3,203,Letters,Carta del 02 de enero de 1860 de José del Carmen Díaz a Mauricio Barbosa,"Díaz, José Del Carmen",,1860/01/02,Chile;Octava Región;Arauco,1,"Barbosa, Mauricio",,Verify !,data/JPG/203_a.jpg;
54,3,204,Letters,Carta del 02 de enero de 1860 de José del Carmen Díaz a Mauricio Barbosa,"Díaz, José Del Carmen",,1860/01/02,Chile;Octava Región;Arauco,1,"Barbosa, Mauricio",,True,data/JPG/204_b.jpg;data/JPG/204_a.jpg;
55,3,205,Letters,Carta del 05 de enero de 1860 de José del Carmen Díaz a Mauricio Barbosa,"Díaz, José Del Carmen",,1860/01/05,Chile;Octava Región;Arauco,1,"Barbosa, Mauricio",,True,data/JPG/205_b.jpg;data/JPG/205_a.jpg;
56,3,206,Letters,Carta del 05 de enero de 1860 de José del Carmen Díaz a Mauricio Barbosa,"Díaz, José Del Carmen",,1860/01/05,Chile;Octava Región;Arauco,1,"Barbosa, Mauricio",,True,data/JPG/206_a.jpg;data/JPG/206_b.jpg;
57,3,207,Letters,Carta del 10 de enero de 1860 de José del Carmen Díaz a Mauricio Barbosa,"Díaz, José Del Carmen",,1860/01/10,Chile;Octava Región;Arauco,1,"Barbosa, Mauricio",,True,data/JPG/207_b.jpg;data/JPG/207_a.jpg;
58,3,208,Letters,Carta del 14 de enero de 1860 de Manuel Segundo Escala a Mauricio Barbosa,"Escala, Manuel Segundo",,1860/01/14,Chile;Octava Región;Bahía de Arauco,1,"Barbosa, Mauricio",,True,data/JPG/208_a.jpg;data/JPG/208_b.jpg;
59,3,209,Letters,Carta del 15 de enero de 1860 de José del Carmen Díaz a Mauricio Barbosa,"Díaz, José Del Carmen",,1860/01/15,Chile;Octava Región;Arauco,1,"Barbosa, Mauricio",,True,data/JPG/209_b.jpg;data/JPG/209_a.jpg;
60,3,210,Letters,Carta del 15 de enero de 1860 de José del Carmen Díaz a Mauricio Barbosa,"Díaz, José Del Carmen",,1860/01/15,Chile;Octava Región;Arauco,1,"Barbosa, Mauricio",,True,data/JPG/210_b.jpg;data/JPG/210_a.jpg;
61,3,211,Letters,Carta del 18 de enero de 1860 de Cornelio Saavedra a Mauricio Barbosa,"Saavedra, Cornelio",,1860/01/18,Chile;Quinta Región;Valparaíso,1,"Barbosa, Mauricio",,True,data/JPG/211_a.jpg;data/JPG/211_b.jpg;
62,3,212,Letters,Carta del 20 de enero de 1860 de Manuel García a Mauricio Barbosa,"García, Manuel",,1860/01/20,Chile;Región Metropolitana;Santiago,1,"Barbosa, Mauricio",,True,data/JPG/212_a.jpg;data/JPG/212_b.jpg;
63,3,213,Letters,Carta del 22 de enero de 1860 de José Antonio Quezada a Mauricio Barbosa,"Quezada, José Antonio",,1860/01/22,Chile;Paicaví,1,"Barbosa, Mauricio",,True,data/JPG/213_b.jpg;data/JPG/213_a.jpg;
64,3,214,Letters,Carta del 22 de enero de 1860 de José del Carmen Díaz a Mauricio Barbosa,"Díaz, José Del Carmen",,1860/01/22,Chile;Octava Región;Arauco,2,"Barbosa, Mauricio",,True,data/JPG/214_1_a.jpg;data/JPG/214_2_a.jpg;data/JPG/214_1_b.jpg;data/JPG/214_2_b.jpg;
65,3,215,Letters,Carta del 23 de enero de 1860 de Manuel Segundo Escala,"Escala, Manuel Segundo",,1860/01/23,Chile;Octava Región;Bahía de Arauco,2,,,True,data/JPG/215_1_a.jpg;data/JPG/215_2_a.jpg;data/JPG/215_1_b.jpg;data/JPG/215_2_b.jpg;
66,3,216,Letters,Carta del 24 de enero de 1860 de Manuel García a Mauricio Barbosa,"García, Manuel",,1860/01/24,Chile;Región Metropolitana;Santiago,1,"Barbosa, Mauricio",,True,data/JPG/216_b.jpg;data/JPG/216_a.jpg;
67,3,217,Letters,Carta del 24 de enero de 1860 de José Sepúlveda a Mauricio Barbosa,"Sepúlveda, José",,1860/01/24,Chile;Octava Región;Nacimiento,1,"Barbosa, Mauricio",,True,data/JPG/217_a.jpg;data/JPG/217_b.jpg;
68,3,218,Letters,Carta del 25 de enero de 1860 de José Antonio Quezada a Mauricio Barbosa,"Quezada, José Antonio",,1860/01/25,Chile;Paicaví,1,"Barbosa, Mauricio",,True,data/JPG/218_a.jpg;data/JPG/218_b.jpg;
69,3,219,Letters,Carta del 20 de enero de 1860 de Cornelio Saavedra a Mauricio Barbosa,"Saavedra, Cornelio",,1860/01/20,Chile;Quinta Región;Valparaíso,1,"Barbosa, Mauricio",,True,data/JPG/219_b.jpg;data/JPG/219_a.jpg;
70,3,220,Letters,Carta del 26 de enero de 1860 de Cornelio Saavedra a Mauricio Barbosa,"Saavedra, Cornelio",,1860/01/26,Chile;Quinta Región;Valparaíso,1,"Barbosa, Mauricio",,True,data/JPG/220_a.jpg;data/JPG/220_b.jpg;
71,3,221,Letters,Carta del 27 de enero de 1860 de José del Carmen Díaz a Mauricio Barbosa,"Díaz, José Del Carmen",,1860/01/27,Chile;Octava Región;Arauco,1,"Barbosa, Mauricio",,True,data/JPG/221_a.jpg;data/JPG/221_b.jpg;
72,3,222,Letters,Carta del 27 de enero de 1860 de José del Carmen Díaz a Mauricio Barbosa,"Díaz, José Del Carmen",,1860/01/27,Chile;Octava Región;Arauco,1,"Barbosa, Mauricio",,True,data/JPG/222_b.jpg;data/JPG/222_a.jpg;
73,3,223,Letters,Carta del 27 de enero de 1860 de José del Carmen Díaz a Mauricio Barbosa,"Díaz, José Del Carmen",,1860/01/27,Chile;Octava Región;Arauco,1,"Barbosa, Mauricio",,True,data/JPG/223_b.jpg;data/JPG/223_a.jpg;
74,3,224,Letters,Carta del 27 de enero de 1860 de José del Carmen Díaz a Mauricio Barbosa,"Díaz, José Del Carmen",,1860/01/27,Chile;Octava Región;Arauco,1,"Barbosa, Mauricio",,True,data/JPG/224_a.jpg;data/JPG/224_b.jpg;
75,3,225,Letters,Carta del 30 de enero de 1860 de José Antonio a Mauricio Barbosa,"Quezada, José Antonio",,1860/01/30,Chile;Octava Región;Arauco,1,"Barbosa, Mauricio",,True,data/JPG/225_b.jpg;data/JPG/225_a.jpg;
76,3,226,Letters,Carta del 01 de febrero de 1860 de José María Alvarado a Mauricio Barbosa,"Alvarado, José María",,1860/02/01,Chile;Paicaví,1,"Barbosa, Mauricio",,True,data/JPG/226_a.jpg;data/JPG/226_b.jpg;
77,3,227,Letters,Carta del 01 de febrero de 1860 de Vicente Villalón a Mauricio Barbosa,"Villalón, Vicente",,1860/02/01,Chile;Octava Región;Los Ángeles,1,"Barbosa, Mauricio",,True,data/JPG/227_b.jpg;data/JPG/227_a.jpg;
78,3,228,Letters,Carta del 01 de febrero de 1860 de Vicente Villalón a Mauricio Barbosa,"Villalón, Vicente",,1860/02/01,Chile;Octava Región;Los Ángeles,1,"Barbosa, Mauricio",,Contains extra files,data/JPG/228_a.jpg;data/JPG/228_a_.jpg;data/JPG/228_b.jpg;
79,3,229,Letters,Carta del 02 de febrero de 1860 de José del Carmen Díaz a Mauricio Barbosa,"Díaz, José Del Carmen",,1860/02/02,Chile;Octava Región;Arauco,1,"Barbosa, Mauricio",,True,data/JPG/229_a.jpg;data/JPG/229_b.jpg;
80,3,230,Letters,Carta del 02 de febrero de 1860 de José del Carmen Díaz a Mauricio Barbosa,"Díaz, José Del Carmen",,1860/02/02,Chile;Octava Región;Lebu,1,"Barbosa, Mauricio",,True,data/JPG/230_a_.jpg;data/JPG/230_b.jpg;
81,3,231,Letters,Carta del 03 de febrero de 1860 de José Antonio Quezada a Mauricio Barbosa,"Quezada, José Antonio",,1860/02/03,Chile;Octava Región;Arauco,1,"Barbosa, Mauricio",,True,data/JPG/231_b.jpg;data/JPG/231_a.jpg;
82,3,232,Letters,Carta del 05 de febrero de 1860 de José del Carmen Díaz Mauricio Barbosa,"Díaz, José Del Carmen",,1860/02/05,Chile;Octava Región;Arauco,1,"Barbosa, Mauricio",,True,data/JPG/232_b.jpg;data/JPG/232_a.jpg;
83,3,233,Letters,Carta del 05 de febrero de 1860 de José del Carmen Díaz a Mauricio Barbosa,"Díaz, José Del Carmen",,1860/02/05,Chile;Octava Región;Arauco,1,"Barbosa, Mauricio",,True,data/JPG/233_a.jpg;data/JPG/233_b.jpg;
84,3,234,Letters,Carta del 07 de febrero de 1860 de Vicente Villalón a Comandante de un batallón,"Villalón, Vicente",,1860/02/07,Chile;Octava Región;Los Ángeles,1,,,True,data/JPG/234_b.jpg;data/JPG/234_a.jpg;
85,3,235,Letters,Carta del 07 de febrero de 1860 de Vicenten Villalón a Mauricio Barbosa,"Villalón, Vicente",,1860/02/07,Chile;Octava Región;Los Ángeles,1,"Barbosa, Mauricio",,True,data/JPG/235_b.jpg;data/JPG/235_a.jpg;
86,3,236,Letters,Carta del 10 de febrero de 1860 de José del Carmen Díaz a Mauricio Barbosa,"Díaz, José Del Carmen",,1860/02/10,Chile;Octava Región;Arauco,1,"Barbosa, Mauricio",,True,data/JPG/236_b.jpg;data/JPG/236_a.jpg;
87,3,237,Letters,Carta del 10 de febrero de 1860 de José del Carmen Díaz a Mauricio Barbosa,"Díaz, José Del Carmen",,1860/02/10,Chile;Octava Región;Arauco,1,"Barbosa, Mauricio",,True,data/JPG/237_b.jpg;data/JPG/237_a.jpg;
88,3,238,Letters,Carta del 11 de febrero de 1860 de José Antonio Quezada a Mauricio Barbosa,"Quezada, José Antonio",,1860/02/11,Chile;Octava Región;Arauco,1,"Barbosa, Mauricio",,True,data/JPG/238_a.jpg;data/JPG/238_b.jpg;
89,3,239,Letters,Carta del 11 de febrero de 1860 de José Antonio Quezada a Mauricio Barbosa,"Quezada, José Antonio",,1860/02/11,Chile;Octava Región;Arauco,1,"Barbosa, Mauricio",,True,data/JPG/239_a.jpg;data/JPG/239_b.jpg;
90,3,240,Letters,Carta del 11 de febrero de 1860 de Vicente Villalón a Mauricio Barbosa,"Villalón, Vicente",,1860/02/11,Chile;Octava Región;Los Ángeles,1,"Barbosa, Mauricio",,True,data/JPG/240_a.jpg;data/JPG/240_b.jpg;
91,3,241,Letters,Carta del 11 de febrero de 1860 de Vicente Villalón a Mauricio Barbosa,"Villalón, Vicente",,1860/02/11,Chile;Octava Región;Los Ángeles,1,"Barbosa, Mauricio",,True,data/JPG/241_a.jpg;data/JPG/241_b.jpg;
92,3,242,Letters,Carta del 12 de febrero de 1860 de José del Carmen Díaz a Mauricio Barbosa,"Díaz, José Del Carmen",,1860/02/12,Chile;Octava Región;Arauco,1,"Barbosa, Mauricio",,True,data/JPG/242_b.jpg;data/JPG/242_a.jpg;
93,3,243,Letters,Carta del 18 de febrero de 1860 de José Antonio Quezada a Mauricio Barbosa,"Quezada, José Antonio",,1860/02/18,Chile;Octava Región;Arauco,1,"Barbosa, Mauricio",,True,data/JPG/243_b.jpg;data/JPG/243_a.jpg;
94,3,244,Letters,Carta del 18 de febrero de 1860 de José del Carmen Díaz a Mauricio Barbosa,"Díaz, José Del Carmen",,1860/02/18,Chile;Octava Región;Arauco,1,"Barbosa, Mauricio",,True,data/JPG/244_b.jpg;data/JPG/244_a.jpg;
95,3,245,Letters,Carta del 20 de febrero de 1860 de José Antonio Quezada a Mauricio Barbosa,"Quezada, José Antonio",,1860/02/20,Chile;Octava Región;Arauco,1,"Barbosa, Mauricio",,True,data/JPG/245_b.jpg;data/JPG/245_a.jpg;
96,3,246,Letters,Carta del 20 de febrero de 1860 de Vicente Villalón a Mauricio Barbosa,"Villalón, Vicente",,1860/02/20,Chile;Octava Región;Los Ángeles,1,"Barbosa, Mauricio",,True,data/JPG/246_a.jpg;data/JPG/246_b.jpg;
97,3,247,Letters,Carta del 20 de febrero de 1860 de Manuel García a Mauricio Barbosa,"García, Manuel",,1860/02/20,Chile;Región Metropolitana;Santiago,1,"Barbosa, Mauricio",,Verify !,data/JPG/247_a.jpg;
98,3,248,Letters,Carta del 20 de febrero de 1860 de Rafael Sotomayor a Mauricio Barbosa,"Sotomayor, Rafael",,1860/02/20,Chile;Octava Región;Los Ángeles,1,"Barbosa, Mauricio",,True,data/JPG/248_b.jpg;data/JPG/248_a.jpg;
99,3,249,Letters,Carta del 20 de febrero de 1860 de P. Nuñez a Mauricio Barbosa,"Nuñez, P.",,1860/02/20,Chile;Octava Región;Los Ángeles,1,"Barbosa, Mauricio",,True,data/JPG/249_a.jpg;data/JPG/249_b.jpg;
100,3,250,Letters,Carta del 20 de febrero de 1860 de Vicente Villalón a Mauricio Barbosa,"Villalón, Vicente",,1860/02/20,Chile;Octava Región;Los Ángeles,1,"Barbosa, Mauricio",,True,data/JPG/250_a.jpg;data/JPG/250_b.jpg;
101,3,251,Letters,Carta del 21 de febrero de 1860 de José Antonio Quezada a Gobernador de Arauco,"Quezada, José Antonio",,1860/02/21,Chile;Octava Región;Arauco,1,,,True,data/JPG/251_b.jpg;data/JPG/251_a.jpg;
102,3,252,Letters,Carta del 21 de febrero de 1860 de Cornelio Saavedra a Mauricio Barbosa,"Saavedra, Cornelio",,1860/02/21,Chile;Quinta Región;Valparaíso,1,"Barbosa, Mauricio",,True,data/JPG/252_b.jpg;data/JPG/252_a.jpg;
103,3,253,Letters,Carta del 23 de febrero de 1860 de Vicente Pérez Rosales a Mauricio Barbosa,"Pérez Rosales, Vicente",,1860/02/23,Chile;Octava Región;Concepción,1,"Barbosa, Mauricio",,True,data/JPG/253_a.jpg;data/JPG/253_b.jpg;
104,3,254,Letters,Carta del 24 de febrero de 1860 de José Antonio Quezada a Mauricio Barbosa,"Quezada, José Antonio",,1860/02/24,Chile;Octava Región;Arauco,1,"Barbosa, Mauricio",,True,data/JPG/254_b.jpg;data/JPG/254_a.jpg;
105,3,255,Letters,Carta del 24 de febrero de 1860 de Cornelio Saavedra a Mauricio Barbosa,"Saavedra, Cornelio",,1860/02/24,Chile;Quinta Región;Valparaíso,1,"Barbosa, Mauricio",,True,data/JPG/255_a.jpg;data/JPG/255_b.jpg;
106,3,256,Letters,Carta del 25 de febrero de 1860 de Manuel García a Mauricio Barbosa,"García, Manuel",,1860/02/25,Chile;Quinta Región;Valparaíso,1,"Barbosa, Mauricio",,True,data/JPG/256_b.jpg;data/JPG/256_a.jpg;
107,3,257,Letters,Carta del 27 de febrero de 1860 a Mauricio Barbosa,,,1860/02/27,Chile;Octava Región;Gualpen,1,"Barbosa, Mauricio",,Contains extra files,data/JPG/257_a.jpg;data/JPG/257_a_.jpg;data/JPG/257_b.jpg;
108,3,258,Letters,Carta del 12 de abril de 1860 de Juan Contreras a Mauricio Barbosa,"Contreras, Juan",,1860/04/12,Chile;Octava Región;Arauco,1,"Barbosa, Mauricio",,True,data/JPG/258_a.jpg;data/JPG/258_b.jpg;
109,3,259,Letters,Carta del 04 de abril de 1860 de Manuel García a Mauricio Barbosa,"García, Manuel",,1860/04/04,Chile;Región Metropolitana;Santiago,1,"Barbosa, Mauricio",,True,data/JPG/259_b.jpg;data/JPG/259_a.jpg;
110,3,260,Letters,Carta del 11 de abril de 1860 de Juan Williams a Mauricio Barbosa,"Williams, Juan",,1860/04/11,Chile;Octava Región;Arauco,1,"Barbosa, Mauricio",,True,data/JPG/260_b.jpg;data/JPG/260_a.jpg;
111,3,261,Letters,Carta del 11 de abril de 1860 de Vicente Pérez Rosales a Mauricio Barbosa,"Pérez Rosales, Vicente",,1860/04/11,Chile;Octava Región;Concepción,1,"Barbosa, Mauricio",,True,data/JPG/261_a.jpg;data/JPG/261_b.jpg;
112,3,262,Letters,Carta del 13 de abril de 1860 de Andrés A. Araya a Mauricio Barbosa,"Araya, Andrés A.",,1860/04/13,Chile;Octava Región;Talcahuano,1,"Barbosa, Mauricio",,True,data/JPG/262_a.jpg;data/JPG/262_b.jpg;
113,3,263,Others,Factura de Isidro Salas a Mauricio Barbosa,"Salas, Isidro",,1860/04/11,Chile;Octava Región;Concepción,1,"Barbosa, Mauricio",,True,data/JPG/263_b.jpg;data/JPG/263_a.jpg;
114,3,264,Letters,Carta del 13 de abril de 1860 de Vicente Villalón a Mauricio Barbosa,"Villalón, Vicente",,1860/04/13,Chile;Octava Región;Los Ángeles,1,"Barbosa, Mauricio",,True,data/JPG/264_a.jpg;data/JPG/264_b.jpg;
115,3,265,Letters,Carta del 20 de abril de 1860 de Cornelio Saavedra a Mauricio Barbosa,"Saavedra, Cornelio",,1860/04/20,Chile;Quinta Región;Valparaíso,1,"Barbosa, Mauricio",,True,data/JPG/265_a.jpg;data/JPG/265_b.jpg;
116,3,266,Letters,Carta del 22 de abril de 1860 de Cornelio Saavedra a Vicente Villalón,"Saavedra, Cornelio",,1860/04/22,Chile;Quinta Región;Valparaíso,1,"Villalón, Vicente",,True,data/JPG/266_a.jpg;data/JPG/266_b.jpg;
117,3,267,Letters,Carta del 02 de mayo de 1860 de Juan Contreras a Mauricio Barbosa,"Contreras, Juan",,1860/05/02,Chile;Octava Región;Arauco,1,"Barbosa, Mauricio",,True,data/JPG/267_a.jpg;data/JPG/267_b.jpg;
118,3,268,Letters,Carta del 09 de mayo de 1860 de Daniel García Videla a Maurcicio Barbosa,"García Videla, Daniel",,1860/05/09,Chile;Quinta Región;Tucapel,2,"Barbosa, Mauricio",,Verify !,data/JPG/268_1_b.jpg;data/JPG/268_1_a.jpg;
119,3,269,Letters,Carta del 09 de mayo de 1860 de Daniel García Videla a Maurcicio Barbosa,"García Videla, Daniel",,1860/05/09,Chile;Quinta Región;Tucapel,1,"Barbosa, Mauricio",,True,data/JPG/269_b.jpg;data/JPG/269_a.jpg;
120,3,270,Letters,Carta del 11 de mayo de 1860 de Juan Contreras a Mauricio Barbosa,"Contreras, Juan",,1860/05/11,Chile;Octava Región;Arauco,1,"Barbosa, Mauricio",,True,data/JPG/270_b.jpg;data/JPG/270_a.jpg;
121,3,271,Letters,Carta del 20 de mayo de 1860 de Juan Contreras al Comandante de Armas,"Contreras, Juan",,1860/05/20,Chile;Quinta Región;Tucapel,1,,,True,data/JPG/271_b.jpg;data/JPG/271_a.jpg;
122,3,272,Letters,Carta del 25 de mayo de 1860 de Juan Contreras a Mauricio Barbosa,"Contreras, Juan",,1860/05/25,Chile;Quinta Región;Tucapel,1,"Barbosa, Mauricio",,True,data/JPG/272_a.jpg;data/JPG/272_b.jpg;
123,3,273,Letters,Carta del 06 de junio de 1860 de Eleuterio Ramírez a Mauricio Barbosa,"Ramírez, Eleuterio",,1860/06/06,Chile;Quinta Región;Tucapel,1,"Barbosa, Mauricio",,True,data/JPG/273_b.jpg;data/JPG/273_a.jpg;
124,3,274,Letters,Carta del 06 de junio de 1860 de Avello J. a Mauricio Barbosa,"Avello, Juan",,1860/06/06,Chile;Octava Región;Santa Juana,1,"Barbosa, Mauricio",,True,data/JPG/274_a.jpg;data/JPG/274_b.jpg;
125,3,275,Letters,Carta del 07 de junio de 1860 de Daniel García Videla a Maurcicio Barbosa,"García Videla, Daniel",,1860/06/07,Chile;Octava Región;Coronel,1,"Barbosa, Mauricio",,True,data/JPG/275_b.jpg;data/JPG/275_a.jpg;
126,3,276,Letters,Carta del 08 de junio de 1860 de Juan Contreras a Mauricio Barbosa,"Contreras, Juan",,1860/06/08,Chile;Quinta Región;Tucapel,1,"Barbosa, Mauricio",,True,data/JPG/276_b.jpg;data/JPG/276_a.jpg;
127,3,277,Letters,Carta del 11 de junio de 1860 de Juan Contreras a Mauricio Barbosa,"Contreras, Juan",,1860/06/11,Chile;Quinta Región;Tucapel,1,"Barbosa, Mauricio",,True,data/JPG/277_b.jpg;data/JPG/277_a.jpg;
128,3,278,Letters,Carta del 13 de junio de 1860 de Vicente Villalón a Mauricio Barbosa,"Villalón, Vicente",,1860/06/13,Chile;Octava Región;Los Ángeles,1,"Barbosa, Mauricio",,Verify !,data/JPG/278_b.jpg;
129,3,279,Letters,Carta anónima del 18 de junio de 1860,,,1860/06/18,Chile;Quinta Región;Tucapel,1,,Tucapel,True,data/JPG/279_b.jpg;data/JPG/279_a.jpg;
130,3,280,Letters,Carta del 18 de junio de 1860 de Juan Contreras a Mauricio Barbosa,"Contreras, Juan",,1860/06/18,Chile;Quinta Región;Tucapel,1,"Barbosa, Mauricio",,True,data/JPG/280_a.jpg;data/JPG/280_b.jpg;
131,3,281,Letters,Carta del 22 de junio de 1860 de Vicente Villalón a Mauricio Barbosa,"Villalón, Vicente",,1860/06/22,Chile;Octava Región;Los Ángeles,1,"Barbosa, Mauricio",,True,data/JPG/281_a.jpg;data/JPG/281_b.jpg;
132,3,282,Letters,Carta del 22 de junio de 1860 de Juan Contreras a Mauricio Barbosa,"Contreras, Juan",,1860/06/22,Chile;Quinta Región;Tucapel,1,"Barbosa, Mauricio",,True,data/JPG/282_b.jpg;data/JPG/282_a.jpg;
133,3,283,Letters,Carta del 22 de junio de 1860 de Vicente Villalón a Mauricio Barbosa,"Villalón, Vicente",,1860/06/22,Chile;Octava Región;Los Ángeles,1,"Barbosa, Mauricio",,True,data/JPG/283_b.jpg;data/JPG/283_a.jpg;
134,3,284,Letters,Carta del 23 de junio de 1860 de Vicente Villalón a Mauricio Barbosa,"Villalón, Vicente",,1860/06/23,Chile;Octava Región;Los Ángeles,1,"Barbosa, Mauricio",,True,data/JPG/284_a.jpg;data/JPG/284_b.jpg;
135,3,285,Letters,Carta del 23 de junio de 1860 de Vicente Villalón a Mauricio Barbosa,"Villalón, Vicente",,1860/06/23,Chile;Octava Región;Los Ángeles,1,"Barbosa, Mauricio",,True,data/JPG/285_b.jpg;data/JPG/285_a.jpg;
136,3,286,Letters,Carta del 23 de junio de 1860 de Vicente Villalón a Comandante de Armas de Arauco,"Villalón, Vicente",,1860/06/23,Chile;Octava Región;Los Ángeles,1,,,True,data/JPG/286_b.jpg;data/JPG/286_a.jpg;
137,3,287,Letters,Carta del 23 de junio de 1860 de Vicente Villalón a Mauricio Barbosa,"Villalón, Vicente",,1860/06/23,Chile;Octava Región;Los Ángeles,1,"Barbosa, Mauricio",,True,data/JPG/287_a.jpg;data/JPG/287_b.jpg;
138,3,288,Letters,Carta del 23 de junio de 1860 de Juan Contreras a Mauricio Barbosa,"Contreras, Juan",,1860/06/23,Chile;Quinta Región;Tucapel,1,"Barbosa, Mauricio",,True,data/JPG/288_b.jpg;data/JPG/288_a.jpg;
139,3,289,Letters,Carta del 25 de junio de 1860 de Juan Contreras a Mauricio Barbosa,"Contreras, Juan",,1860/06/25,Chile;Quinta Región;Tucapel,1,"Barbosa, Mauricio",,True,data/JPG/289_a.jpg;data/JPG/289_b.jpg;
140,3,290,Letters,Carta del 27 de junio de 1860 a Mauricio Barbosa,,,1860/06/27,Chile;Octava Región;Nacimiento,1,"Barbosa, Mauricio",,True,data/JPG/290_a.jpg;data/JPG/290_b.jpg;
141,3,291,Letters,Carta del 28 de junio de 1860 de Juan Contreras a Mauricio Barbosa,"Contreras, Juan",,1860/06/28,Chile;Quinta Región;Tucapel,1,"Barbosa, Mauricio",,True,data/JPG/291_b.jpg;data/JPG/291_a.jpg;
142,3,292,Letters,Carta del 28 de junio de 1860 de Juan Contreras a Mauricio Barbosa,"Contreras, Juan",,1860/06/28,Chile;Quinta Región;Tucapel,1,"Barbosa, Mauricio",,True,data/JPG/292_a.jpg;data/JPG/292_b.jpg;
143,3,293,Letters,Carta del 28 de junio de 1860 de Juan Contreras a Mauricio Barbosa,"Contreras, Juan",,1860/06/28,Chile;Quinta Región;Tucapel,1,"Barbosa, Mauricio",,True,data/JPG/293_a.jpg;data/JPG/293_b.jpg;
144,3,294,Letters,Carta del 28 de junio de 1860 de Eleuterio Ramírez a Mauricio Barbosa,"Ramírez, Eleuterio",,1860/06/28,Chile;Quinta Región;Tucapel,1,"Barbosa, Mauricio",,True,data/JPG/294_a.jpg;data/JPG/294_b.jpg;
145,3,295,Letters,Carta del 28 de junio de 1860 de Daniel García Videla a Maurcicio Barbosa,"García Videla, Daniel",,1860/06/28,Chile;Quinta Región;Tucapel,1,"Barbosa, Mauricio",,True,data/JPG/295_a.jpg;data/JPG/295_b.jpg;
146,3,296,Letters,Carta del 03 de junio de 1860 de Vicente Villalón a Mauricio Barbosa,"Villalón, Vicente",,1860/06/03,Chile;Octava Región;Los Ángeles,1,"Barbosa, Mauricio",,True,data/JPG/296_a.jpg;data/JPG/296_b.jpg;
147,3,297,Letters,Carta del 05 de junio de 1860 de Juan Contreras a Mauricio Barbosa,"Contreras, Juan",,1860/06/05,Chile;Quinta Región;Tucapel,1,"Barbosa, Mauricio",,True,data/JPG/297_a.jpg;data/JPG/297_b.jpg;
148,3,298,Letters,Carta del 05 de junio de 1860 de Vicente Villalón a Mauricio Barbosa,"Villalón, Vicente",,1860/06/05,Chile;Octava Región;Los Ángeles,1,"Barbosa, Mauricio",,True,data/JPG/298_a.jpg;data/JPG/298_b.jpg;
149,3,299,Letters,Carta del 10 de junio de 1860 de Cornelio Saavedra a Mauricio Barbosa,"Saavedra, Cornelio",,1860/06/10,Chile;Quinta Región;Valparaíso,1,"Barbosa, Mauricio",,True,data/JPG/299_a.jpg;data/JPG/299_b.jpg;
150,3,300,Letters,Carta del 10 de junio de 1860 de Cornelio Saavedra a José Antonio Quezada,"Saavedra, Cornelio",,1860/06/10,Chile;Quinta Región;Valparaíso,1,"Quezada, José Antonio",,True,data/JPG/300_a.jpg;data/JPG/300_b.jpg;
151,4,301,Letters,Carta del 17 de julio de 1860 de Cornelio Saavedra a su amigo Mauricio Barbosa,"Saavedra, Cornelio",,1860/07/17,Chile;Quinta Región;Valparaíso,1,"Barbosa, Mauricio",Arauco,True,data/JPG/301_a.jpg;data/JPG/301_b.jpg;
152,4,302,Notes,Nota Nº 75 de Santiago Amengual al Señor Comandante de Armas del departamento de Arauco,"Amengual, Santiago",,1860/07/18,Chile;Región Metropolitana;San Bernardo,1,"Barbosa, Mauricio",Arauco,True,data/JPG/302_a.jpg;data/JPG/302_b.jpg;
153,4,303,Notes,Nota Nº 129 de Vicente Villalón al Comandante de Armas del Departamento de Arauco,"Villalón, Vicente",,1860/07/19,Chile;Octava Región;Ángeles,1,,Arauco,True,data/JPG/303_b.jpg;data/JPG/303_a.jpg;
154,4,304,Letters,Carta del 29 de julio de 1860 de Vicente Villalón al Comandante Mauricio Barbosa,"Villalón, Vicente",,1860/07/29,Chile;Octava Región;Ángeles,2,"Barbosa, Mauricio",Arauco,True,data/JPG/304_2_b.jpg;data/JPG/304_1_a.jpg;data/JPG/304_1_b.jpg;data/JPG/304_2_a.jpg;
155,4,305,Letters,Carta del 27 de julio de 1860 de P. Mi… a Mauricio Barbosa,,,1860/07/27,Chile;Octava Región;Ángeles,2,"Barbosa, Mauricio",Arauco,True,data/JPG/305_2_b.jpg;data/JPG/305_1_a.jpg;data/JPG/305_2_a.jpg;data/JPG/305_a.jpg;
156,4,306,Notes,Nota Nº 135 de Vicente Villalón al Comandante de Armas de Arauco,"Villalón, Vicente",,1860/08/10,Chile;Octava Región;Ángeles,1,,Arauco,True,data/JPG/306_b.jpg;data/JPG/306_a.jpg;
157,4,307,Notes,Nota Nº 136 de Vicente Villalón al Comandante de Armas de Arauco,"Villalón, Vicente",,1860/08/09,Chile;Octava Región;Ángeles,1,,Arauco,True,data/JPG/307_a.jpg;data/JPG/307_b.jpg;
158,4,308,Notes,Nota Nº 137 de Vicente Villalón al Comandante de Armas de Arauco,"Villalón, Vicente",,1860/08/13,Chile;Octava Región;Ángeles,1,,Arauco,True,data/JPG/308_a.jpg;data/JPG/308_b.jpg;
159,4,309,Notes,Nota Nº 108 de José Antonio Quezada al Comandante de Armas del Departamento de Arauco,"Quezada, José Antonio",,1860/08/20,Chile;Octava Región;Arauco,1,,Arauco,True,data/JPG/309_a.jpg;data/JPG/309_b.jpg;
160,4,310,Notes,Nota Nº 135 de Pedro Lagos al Gobernador Comandante de Armas del Departamento de Arauco,"Lagos, Pedro",,1860/08/31,Chile;Octava Región;Nacimiento,1,"Barbosa, Mauricio",Arauco,True,data/JPG/310_a.jpg;data/JPG/310_b.jpg;
161,4,311,Notes,Nota Nº 140 de Toribio Fernández al Comandante de Armas de Arauco,"Fernández, Toribio",,1860/08/23,Chile;Octava Región;Ángeles,1,,Arauco,True,data/JPG/311_a.jpg;data/JPG/311_b.jpg;
162,4,312,Circular,Circular Nº 17 de Toribio Fernández al Comandante de Armas de Arauco,"Fernández, Toribio",,1860/09/03,Chile;Octava Región;Ángeles,1,,Arauco,True,data/JPG/312_B.jpg;data/JPG/312_a.jpg;
163,4,313,Letters,Carta del 10 de diciembre de 1860 de Vicente Pérez Rosales a Mauricio Barbosa,"Pérez Rosales, Vicente",,1860/12/10,Chile;Octava Región;Concepción,1,"Barbosa, Mauricio",,True,data/JPG/313_a.jpg;data/JPG/313_b.jpg;
164,4,314,Letters,Carta del 05 de septiembre de 1860 de Vicente Pérez Rosales a su amigo Mauricio Barbosa,"Pérez Rosales, Vicente",,1860/09/05,Chile;Octava Región;Concepción,1,"Barbosa, Mauricio",,True,data/JPG/314_b.jpg;data/JPG/314_a.jpg;
165,4,315,Letters,Carta del 10 de septiembre de 1860 de Vicente Pérez Rosales a su amigo Mauricio Barbosa,"Pérez Rosales, Vicente",,1860/09/10,Chile;Octava Región;Concepción,1,"Barbosa, Mauricio",,True,data/JPG/315_a.jpg;data/JPG/315_a_.jpg;
166,4,316,Letters,Carta del 10 de septiembre de 1860 de Cornelio Saavedra a su amigo Mauricio Barbosa,"Saavedra, Cornelio",,1860/09/10,Chile;Quinta Región;Valparaíso,1,"Barbosa, Mauricio",,True,data/JPG/316_a.jpg;data/JPG/316_b.jpg;
167,4,317,Letters,Carta del 10 de septiembre de 1860 de Juan Guenuman al Coronel,"Guenuman, Juan",,1860/09/10,Chile;Novena Región;Temuco,1,,,True,data/JPG/317_a.jpg;data/JPG/317_b.jpg;
168,4,318,Notes,Nota de Juan de Dios López al Coronel del Ejércitor Pacificador,"López, Juan De Dios",,1860/09/11,Chile;Octava Región;Cupaño,1,,Arauco,True,data/JPG/318_b.jpg;data/JPG/318_a.jpg;
169,4,319,Notes,Nota Nº 120 de José Antonio Quezada a. Coronel y Comandante de Armas del Departamento de Arauco,"Quezada, José Antonio",,1860/09/13,Chile;Octava Región;Arauco,1,,Arauco,True,data/JPG/319_b.jpg;data/JPG/319_a.jpg;
170,4,320,Notes,Nota de José María Zúñiga al Coronel y Comandante de Armas de la plaza de Arauco,"Zúñiga, José María",,1860/09/17,Chile;Octava Región;Arauco,1,,Arauco,True,data/JPG/320_b.jpg;data/JPG/320_a.jpg;
171,4,321,Notes,Nota de Juan de Dios López al Coronel del Ejércitor Pacificador,"López, Juan De Dios",,1860/09/24,Chile;Octava Región;Cupaño,1,,Arauco,True,data/JPG/321_b.jpg;data/JPG/321_a.jpg;
172,4,322,Letters,Carta del 25 de septiembre de 1860 de Manuel García a Mauricio Barbosa,"García, Manuel",,1860/09/25,Chile;Región Metropolitana;Santiago,1,"Barbosa, Mauricio",,True,data/JPG/322_b.jpg;data/JPG/322_a.jpg;
173,4,323,Letters,Carta del 26 de septiembre de 1860 de Vicente Pérez Rosales a su amigo Mauricio Barbosa,"Pérez Rosales, Vicente",,1860/09/26,Chile;Octava Región;Concepción,1,"Barbosa, Mauricio",,True,data/JPG/323_b.jpg;data/JPG/323_a.jpg;
174,4,324,Notes,Nota Nº 152 de Toribio Fernández al Comandante de Armas de Arauco,"Fernández, Toribio",,1860/09/26,Chile;Octava Región;Ángeles,1,,Arauco,True,data/JPG/324_a.jpg;data/JPG/324_b.jpg;
175,4,325,Letters,Carta del 28 de septiembre de 1860 dirigida a Mauricio Barbosa,,,1860/09/28,Chile;Octava Región;Ángeles,1,"Barbosa, Mauricio",Arauco,True,data/JPG/325_b.jpg;data/JPG/325_a.jpg;
176,4,326,Letters,Carta del 03 de octubre de 1860 de Vicente Villalón a su amigo Mauricio Barbosa,"Villalón, Vicente",,1860/10/03,Chile;Octava Región;Ángeles,1,"Barbosa, Mauricio",,True,data/JPG/326-b.jpg;data/JPG/326_a.jpg;
177,4,327,Letters,Carta del 04 de octubre de 1680 de Cornelio Saavedra a su amigo Mauricio Barbosa,"Saavedra, Cornelio",,1680/10/04,Chile;Quinta Región;Valparaíso,1,"Barbosa, Mauricio",,True,data/JPG/327_a.jpg;data/JPG/327_b.jpg;
178,4,328,Letters,Carta del 05 de octubre de 1860 de José Catrileo a Juan (Guesaman),"Catrileo, José",,1860/10/05,Chile;Octava Región;Nacimiento,1,"Guesamanqui, Juan",,True,data/JPG/328_b.jpg;data/JPG/328_a.jpg;
179,4,329,Letters,Carta del 19 de octubre de 1860 de Juan Guesamanqui al Coronel Mauricio Barbosa,"Guesamanqui, Juan",,1860/10/19,Chile;Novena Región;Temuco,1,"Barbosa, Mauricio",,True,data/JPG/329_b.jpg;data/JPG/329_a.jpg;
180,4,330,Notes,Nota Nº 170 de Vicente Villalón al Comandante de Armas de Arauco,"Villalón, Vicente",,1860/10/18,Chile;Octava Región;Ángeles,1,"Barbosa, Mauricio",Arauco,True,data/JPG/330_a.jpg;data/JPG/330_b.jpg;
181,4,331,Letters,Carta del 18 de octubre de 1860 de Vicente Villalón a su amigo Mauricio Barbosa,"Villalón, Vicente",,1860/10/18,Chile;Octava Región;Ángeles,1,"Barbosa, Mauricio",,True,data/JPG/331_a.jpg;data/JPG/331_b.jpg;
182,4,332,Letters,Carta del 21 de octubre de 1860 de Cornelio Saavedra a su amigo Mauricio Barbosa,"Saavedra, Cornelio",,1860/10/21,Chile;Quinta Región;Valparaíso,1,"Barbosa, Mauricio",,True,data/JPG/332_b.jpg;data/JPG/332_a.jpg;
183,4,333,Notes,Nota Nº 171 de Vicente Villalón al Comandante de Armas de Arauco,"Villalón, Vicente",,1860/10/22,Chile;Octava Región;Ángeles,1,,Arauco,True,data/JPG/333_b.jpg;data/JPG/333_a.jpg;
184,4,334,Notes,Nota de José María Carrillo al Coronel Jefe de Operaciones de las Costa,"Carrillo, José María",,1860/10/22,Chile;Octava Región;Yani,1,,,True,data/JPG/334_a.jpg;data/JPG/334_b.jpg;
185,4,335,Letters,Carta del 22 de octubre de 1860 de Marino Cueto a su amigo Mauricio Barbosa,"Cueto, Marino",,1860/10/22,Chile;Región Metropolitana;Santiago,1,"Barbosa, Mauricio",Arauco,True,data/JPG/335_a.jpg;data/JPG/335_b.jpg;
186,4,336,Notes,Nota Nº 20 de Vicente Pérez Rosales al Comandante del Batallón del 5º de línea,"Pérez Rosales, Vicente",,1860/10/23,Chile;Octava Región;Concepción,1,,,True,data/JPG/336_a.jpg;data/JPG/336_b.jpg;
187,4,337,Letters,Carta del 23 de octubre de 1860 de Vicente Pérez Rosales a su amigo Mauricio Barbosa,"Pérez Rosales, Vicente",,1860/10/23,Chile;Octava Región;Concepción,1,"Barbosa, Mauricio",,True,data/JPG/337_b.jpg;data/JPG/337_a.jpg;
188,4,338,Notes,Nota Nº 393 de Juan Avello al Comandante de Armas de Arauco,"Avello, Juan",,1860/10/24,Chile;Octava Región;Santa Juana,1,,Arauco,True,data/JPG/338_a.jpg;data/JPG/338_b.jpg;
189,4,339,Letters,Carta del 24 de octubre de 1860 de Manuel García a su amigo Mauricio Barbosa,"García, Manuel",,1860/10/24,Chile;Región Metropolitana;Santiago,1,"Barbosa, Mauricio",,True,data/JPG/339_b.jpg;data/JPG/339_a.jpg;
190,4,340,Letters,Carta del 11 de noviembre de 1872 de Carlos Masido a Mauricio Barbosa,"Masido, Carlos",,1872/11/11,Chile;Pelelo?,1,"Barbosa, Mauricio",,True,data/JPG/340_a.jpg;data/JPG/340_b.jpg;
191,4,341,Letters,Carta firmada por Manuel Montt,"Montt, Manuel",,[Siglo XIX],,1,,,True,data/JPG/341_a.jpg;data/JPG/341_b.jpg;
192,4,342,Notes,Nota Nº 177 de Vicente Villalón al Comandante del Batallón 5º de línea,"Villalón, Vicente",,1860/10/24,Chile;Octava Región;Ángeles,1,,,True,data/JPG/342_a.jpg;data/JPG/342_b.jpg;
193,4,343,Notes,Nota Nº 178 de Vicente Villalón al Comandante de Armas del departamento de Arauco,"Villalón, Vicente",,1860/10/25,Chile;Octava Región;Ángeles,2,,Arauco,True,data/JPG/343_2_a.jpg;data/JPG/343_2_b.jpg;data/JPG/343_1_b.jpg;data/JPG/343_1_a.jpg;
194,4,344,Notes,Nota de Vicente Villalón al Comandante de Armas de Arauco,"Villalón, Vicente",,1860/10/25,Chile;Octava Región;Ángeles,1,,Arauco,True,data/JPG/344_b.jpg;data/JPG/344_a.jpg;
195,4,345,Letters,Carta del 25 de octubre de 1860 de Vicente Villallón a su amigo Mauricio Barbosa,"Villalón, Vicente",,1860/10/25,Chile;Octava Región;Ángeles,1,"Barbosa, Mauricio",,True,data/JPG/345_b.jpg;data/JPG/345_a.jpg;
196,4,346,Letters,Carta del 25 de octubre de 1860 de José Sepúlveda al Coronel Mauricio Barbosa,"Sepúlveda, José",,1860/10/25,Chile;Octava Región;Nacimiento,1,"Barbosa, Mauricio",,True,data/JPG/346_a.jpg;data/JPG/346_b.jpg;
197,4,347,Letters,Carta del 26 de octubre de 1860 de Manuel García a Mauricio Barbosa,"García, Manuel",,1860/10/26,Chile;Región Metropolitana;Santiago,1,"Barbosa, Mauricio",,True,data/JPG/347_b.jpg;data/JPG/347_a.jpg;
198,4,348,Notes,Nota N° 399 de Juan Avello al Comandante de Armas del Departamento de Arauco,"Avello, Juan",,1860/10/26,Chile;Octava Región;Santa Juana,1,,Arauco,True,data/JPG/348_a.jpg;data/JPG/348_b.jpg;
199,4,349,Letters,Carta del 26 de octubre de 1860 de E. Boonen a su amigo Mauricio Barbosa,"Boonen, E?",,1860/10/26,Chile;Octava Región;Coronel,1,"Barbosa, Mauricio",,True,data/JPG/349_b.jpg;data/JPG/349_a.jpg;
200,4,350,Letters,Carta del 26 de octubre de 1860 de Juan Avello a Mauricio Barbosa,"Avello, Juan",,1860/10/26,Chile;Octava Región;Santa Juana,1,"Barbosa, Mauricio",,True,data/JPG/350_a.jpg;data/JPG/350_b.jpg;
201,4,351,Letters,Carta del 28 de octubre de 1860 de Vicente Villalón a su amigo Mauricio Barbosa,"Villalón, Vicente",,1860/10/28,Chile;Octava Región;Los Ángeles,1,"Barbosa, Mauricio",,True,data/JPG/351_a.jpg;data/JPG/351_b.jpg;
202,4,352,Letters,Carta del 27 de octubre de 1860 de Cornelio Saavedra a su amigo Mauricio Barbosa,"Saavedra, Cornelio",,1860/10/27,Chile;Quinta Región;Valparaíso,1,"Barbosa, Mauricio",,True,data/JPG/352_a.jpg;data/JPG/352_b.jpg;
203,4,353,Letters,Carta del 27 de octubre de 1860 de Vicente Pérez Rosales a Mauricio Barbosa,"Pérez Rosales, Vicente",,1860/10/27,Chile;Octava Región;Lota,1,"Barbosa, Mauricio",,True,data/JPG/353_a.jpg;data/JPG/353_b.jpg;
204,4,354,Letters,Carta del 30 de octubre de 1860 de Vicente Villalón a su amigo Mauricio Barbosa,"Villalón, Vicente",,1860/10/30,Chile;Octava Región;Los Ángeles,1,"Barbosa, Mauricio",,True,data/JPG/354_b.jpg;data/JPG/354_a.jpg;
205,4,355,Letters,Carta del 30 de octubre de 1860 de Vicente Villalón a su amigo Mauricio Barbosa,"Villalón, Vicente",,1860/10/30,Chile;Octava Región;Los Ángeles,1,"Barbosa, Mauricio",,True,data/JPG/355_b.jpg;data/JPG/355_a.jpg;
206,4,356,Letters,Carta del 30 de octubre de 1860 de Vicente Pérez Rosales a Mauricio Barbosa,"Pérez Rosales, Vicente",,1860/10/30,Chile;Octava Región;Concepción,1,"Barbosa, Mauricio",,True,data/JPG/356_a.jpg;data/JPG/356_b.jpg;
207,4,357,Letters,Carta del 30 de octubre de 1860 de Vicente Pérez Rosales a Mauricio Barbosa,"Pérez Rosales, Vicente",,1860/10/30,Chile;Octava Región;Concepción,1,"Barbosa, Mauricio",,True,data/JPG/357_a.jpg;data/JPG/357_b.jpg;
208,4,358,Letters,Carta del 31 de octubre de 1860 de Vicente Villalón a Mauricio Barbosa,"Villalón, Vicente",,1860/10/31,Chile;Octava Región;Los Ángeles,1,"Barbosa, Mauricio",,True,data/JPG/358_b.jpg;data/JPG/358_a.jpg;
209,4,359,Letters,Carta del 01 de noviembre de 1860 de Manuel Segundo Escala a Mauricio Barbosa,"Escala, Manuel Segundo",,1860/11/01,Chile;Octava Región;Concepción,1,"Barbosa, Mauricio",,True,data/JPG/359_b.jpg;data/JPG/359_a.jpg;
210,4,360,Letters,Carta del 02 de noviembre de 1860 de José María Carrillo a Mauricio Barbosa,"Carrillo, José María",,1860/11/02,Chile;Guilañanen,1,"Barbosa, Mauricio",,True,data/JPG/360_a.jpg;data/JPG/360_b.jpg;
211,4,361,Letters,Carta del 04 de noviembre de 1860 de José María Carrillo a Mauricio Barbosa,"Carrillo, José María",,1860/11/04,Chile;Octava Región;Quiapo,1,"Barbosa, Mauricio",,True,data/JPG/361_b.jpg;data/JPG/361_a.jpg;
212,4,362,Letters,Carta del 08 de noviembre de 1860 de José Antonio Quezada a Mauricio Barbosa,"Quezada, José Antonio",,1860/11/08,Chile;Octava Región;Arauco,1,"Barbosa, Mauricio",Arauco,True,data/JPG/362_b.jpg;data/JPG/362_a.jpg;
213,4,363,Letters,Carta del 10 de noviembre de 1860 de Vicente Villalón a Mauricio Barbosa,"Villalón, Vicente",,1860/11/10,Chile;Octava Región;Los Ángeles,1,"Barbosa, Mauricio",,True,data/JPG/363_a.jpg;data/JPG/363_b.jpg;
214,4,364,Letters,Carta del 10 de noviembre de 1860 de Vicente Villalón a Mauricio Barbosa,"Villalón, Vicente",,1860/11/10,Chile;Octava Región;Los Ángeles,1,"Barbosa, Mauricio",,True,data/JPG/364_b.jpg;data/JPG/364_a.jpg;
215,4,365,Letters,Carta del 10 de noviembre de 1860 de José Sepúlveda a Mauricio Barbosa,"Sepúlveda, José",,1860/11/10,Chile;Octava Región;Nacimiento,1,"Barbosa, Mauricio",,True,data/JPG/365_a.jpg;data/JPG/365_b.jpg;
216,4,366,Letters,Carta del 12 de noviembre de 1860 de Vicente Villalón a Mauricio Barbosa,"Villalón, Vicente",,1860/11/12,Chile;Octava Región;Los Ángeles,1,"Barbosa, Mauricio",,True,data/JPG/366_b.jpg;data/JPG/366_a.jpg;
217,4,367,Letters,Carta del 17 de noviembre de 1860 de Vicente Pérez Rosales a Mauricio Barbosa,"Pérez Rosales, Vicente",,1860/11/17,Chile;Octava Región;Concepción,1,"Barbosa, Mauricio",,True,data/JPG/367_b.jpg;data/JPG/367_a.jpg;
218,4,368,Letters,Carta del 21 de noviembre de 1860 de Francisco del Río a Mauricio Barbosa,"Río, Francisco Del",,1860/11/21,Chile;Octava Región;Arauco,1,"Barbosa, Mauricio",Arauco,True,data/JPG/368_a.jpg;data/JPG/368_b.jpg;
219,4,369,Letters,Carta del 22 de noviembre de 1860 de Vicente Villalón a Mauricio Barbosa,"Villalón, Vicente",,1860/11/22,Chile;Octava Región;Los Ángeles,1,"Barbosa, Mauricio",,True,data/JPG/369_b.jpg;data/JPG/369_a.jpg;
220,4,370,Letters,Carta del 22 de noviembre de 1860 de Vicente Villalón a Mauricio Barbosa,"Villalón, Vicente",,1860/11/22,Chile;Octava Región;Los Ángeles,1,"Barbosa, Mauricio",,True,data/JPG/370_b.jpg;data/JPG/370_a.jpg;
221,4,371,Letters,Carta del 23 de noviembre de 1860 al Comandante de Armas de Arauco,,,1860/11/23,Chile;Octava Región;Los Ángeles,1,,Arauco,True,data/JPG/371_a.jpg;data/JPG/371_b.jpg;
222,4,372,Letters,Carta del 23 de noviembre de 1860 de Vicente Villalobos al comandante de Armas de Arauco,"Villalobos, Vicente",,1860/11/23,Chile;Octava Región;Los Ángeles,1,,Arauco,True,data/JPG/372_a.jpg;data/JPG/372_b.jpg;
223,4,373,Letters,Carta del 23 de noviembre de 1860 de Vicente Villalobos a Mauricio Barbosa,"Villalobos, Vicente",,1860/11/23,Chile;Octava Región;Los Ángeles,2,"Barbosa, Mauricio",Arauco,Verify !,data/JPG/373_b.jpg;data/JPG/373_a.jpg;
224,4,374,Letters,Carta del 28 de noviembre de 1860 de Juan Avello al Comandante de Armas de Arauco,"Avello, Juan",,1860/11/28,Chile;Octava Región;Santa Juana,1,,Arauco,True,data/JPG/374_a.jpg;data/JPG/374_b.jpg;
225,4,375,Oficio,"Oficio de Eleuterio Ramírez y respuesta al mismo, firmado por Barbosa, Chacón, Urrutia, García Díaz y Contreras.","Ramírez, Eleuterio","Barbosa, Mauricio",1859/11/22,Chile;Octava Región;Arauco,2,,Arauco,Verify !,data/JPG/375_a.jpg;data/JPG/375_b.jpg;
226,4,376,Oficio,"Oficio de Mauricio Barbosa a Eleuterio Ramírez y firmado por Barbosa, Chacón, Urrutia, García Díaz y Contreras.","Barbosa, Mauricio",,1859/11/22,Chile;Octava Región;Arauco,2,"Ramírez, Eleuterio",Arauco,Verify !,data/JPG/376_a.jpg;data/JPG/376_b.jpg;
227,4,377,Oficio,Oficio de Mauricio Barbosa,"Barbosa, Mauricio",,1859/11/19,Chile;Octava Región;Arauco,2,,Arauco,Verify !,data/JPG/377_a.jpg;data/JPG/377_b.jpg;
228,4,378,Oficio,"Oficio del Consejo de Guerra. Compuesto por J. Contreras, D. García, A. Urrutia. J. Wood, B. Chacón.",Consejo De Guerra,,1859/12/28,Chile;Paicaví,2,,Arauco,Verify !,data/JPG/378_a.jpg;data/JPG/378_b.jpg;
229,4,379,Oficio,Oficio de J. Díaz al comandante de Armas de Arauco,"Díaz, José Del Carmen",,1859/12/25,Chile;Octava Región;Arauco,1,,Arauco,True,data/JPG/379_b.jpg;data/JPG/379_a.jpg;
230,4,380,Letters,Carta del 02 de marzo de 1860 de Nicolás Saavedra al jefe de Operaciones de la Baja Frontera,"Saavedra, Nicolás",,1860/03/02,Chile;Octava Región;Lebu,1,"Barbosa, Mauricio",,True,data/JPG/380_a.jpg;data/JPG/380_b.jpg;
231,4,381,Letters,Carta del 02 de marzo de 1860 de J. A. Quezada al jefe de la división pacificadora de Arauco.,"Quezada, José Antonio",,1860/03/02,Chile;Octava Región;Arauco,1,"Barbosa, Mauricio",,True,data/JPG/381_b.jpg;data/JPG/381_a.jpg;
232,4,382,Letters,Carta del 04 de marzo de 1860 de J. A. Quezada al comandante en jefe de la división de Operaciones.,"Quezada, José Antonio",,1860/03/04,Chile;Octava Región;Arauco,1,"Barbosa, Mauricio",,True,data/JPG/382_b.jpg;data/JPG/382_a.jpg;
233,4,383,Letters,Carta del 02 de marzo de 1860 de Vicente Villalobos a Mauricio Barbosa,"Villalobos, Vicente",,1860/03/02,Chile;Octava Región;Los Ángeles,2,"Barbosa, Mauricio",,Verify !,data/JPG/383_b.jpg;data/JPG/383_a.jpg;
234,4,384,Letters,Carta del 04 de marzo de 1860 de J. Del C. Díaz,"Díaz, José Del Carmen",,1860/03/04,Chile;Octava Región;Arauco,2,"Barbosa, Mauricio",,Verify !,data/JPG/384_b.jpg;data/JPG/384_a.jpg;
235,4,385,Letters,Carta del 13 de marzo de 1860 de Vicente Pérez Rosales,"Pérez Rosales, Vicente",,1860/03/13,Chile;Octava Región;Concepción,2,"Barbosa, Mauricio",,Verify !,data/JPG/385_a.jpg;data/JPG/385_b.jpg;
236,4,386,Letters,Carta del 16 de marzo de 1860 de Vicente Villalón a Mauricio Barbosa,"Villalón, Vicente",,1860/03/16,Chile;Octava Región;Ángeles,1,"Barbosa, Mauricio",,True,data/JPG/386_b.jpg;data/JPG/386_a.jpg;
237,4,387,Letters,Carta del 16 de marzo de 1860 de Manuel García a Mauricio Barbosa,"García, Manuel",,1860/03/16,Chile;Región Metropolitana;Santiago,1,"Barbosa, Mauricio",,True,data/JPG/387_b.jpg;data/JPG/387_a.jpg;
238,4,388,Letters,Carta del 22 de marzo de 1860 de Manuel García a Mauricio Barbosa,"García, Manuel",,1860/03/22,Chile;Región Metropolitana;Santiago,1,"Barbosa, Mauricio",,Verify !,data/JPG/388_b.jpg;
239,4,389,Notes,"Nota Nº 363 de Manuel García al Coronel Graduado Don Mauricio Barbosa, para el establecimiento de una guarnición en Nagalhue","García, Manuel",,[Siglo XIX],,1,"Barbosa, Mauricio",Nagalhue,True,data/JPG/389_b.jpg;data/JPG/389_a.jpg;
240,4,390,Letters,Carta del 31 de marzo de 1860 de Juan Contreras a Mauricio Barbosa,"Contreras, Juan",,1860/03/31,Chile;Octava Región;Arauco,1,"Barbosa, Mauricio",Arauco,True,data/JPG/390_b.jpg;data/JPG/390_a.jpg;
241,4A,391,Others,"Cuadro General del Ejército del Sur, Estado que manifiesta la fuerza efectiva que tiene este Ejército, con espresión de los cuerpos que lo componen i los puntos en que se hallan distribuidos hoy día de la fecha","Gómez Solar, Egidio","León, Juan De",1881/04/11,Chile;Novena Región;Angol,1,,,,
242,4,392,Others,Caciques de la costa,,,[Siglo XIX],,1,,,True,data/JPG/392_a.jpg;data/JPG/392_b.jpg;
243,4,393,Letters,Carta en la cual Bernabé Chacón renuncia a su puesto de Capitán Cívico del Regimiento Lautaro,"Chacón, Bernabé",,[Siglo XIX],,1,,,True,data/JPG/393_a.jpg;data/JPG/393_b.jpg;
244,4,394,Others,"Relación de los caciques que deben comparecer el domingo 2 del entrante en Collico, por invitación de los caciques Epúleo Ñancucheo","Fernández, Antonio José",,1862/10/24,Chile;Octava Región;Negrete,1,,,True,data/JPG/394_b.jpg;data/JPG/394_a.jpg;
245,4,395,Report,Informe al Ministro de Guerra sobre una expedición hecha al interior del territorio araucano con motivo de un levantamiento de los indios,,,[Siglo XIX],,21,,Arauco,Contains extra files,data/JPG/395_14_a.jpg;data/JPG/395_10_b.jpg;data/JPG/395_3_b.jpg;data/JPG/395_2_b.jpg;data/JPG/395_22_a.jpg;data/JPG/395_5_b.jpg;data/JPG/395_7_a.jpg;data/JPG/395_19_a.jpg;data/JPG/395_21_b.jpg;data/JPG/395_5_a.jpg;data/JPG/395_8_b.jpg;data/JPG/395_3_a.jpg;data/JPG/395_4_a.jpg;data/JPG/395_2_a.jpg;data/JPG/395_12_a.jpg;data/JPG/395_15_b.jpg;data/JPG/395_6_a.jpg;data/JPG/395_1_b.jpg;data/JPG/395_17_b.jpg;data/JPG/395_19_b.jpg;data/JPG/395_6_b.jpg;data/JPG/395_18_a.jpg;data/JPG/395_1_a.jpg;data/JPG/395_7_b.jpg;data/JPG/395_4_b.jpg;data/JPG/395_16_b.jpg;data/JPG/395_9_a.jpg;data/JPG/395_13_b.jpg;data/JPG/395_15_a.jpg;data/JPG/395_11_a.jpg;data/JPG/395_9_b.jpg;data/JPG/395_20_b.jpg;data/JPG/395_14_b.jpg;data/JPG/395_11_b.jpg;data/JPG/395_8_a.jpg;data/JPG/395_13_a.jpg;data/JPG/395_10_a.jpg;data/JPG/395_18_b.jpg;data/JPG/395_22_b.jpg;data/JPG/395_12_b.jpg;data/JPG/395_16_a.jpg;data/JPG/395_17_a.jpg;data/JPG/395_21_a.jpg;data/JPG/395_20_a.jpg;
246,4,396,Others,"Relación de cuarenta y ocho (48) legajos de correspondencia privada y oficial del Ex-General Saavedra, referente a la pacificación de la Araucanía",Capitán Gacitúa,,1905/12/12,Chile;Región Metropolitana;Santiago,2,"Saavedra, Cornelio",,Contains extra files,data/JPG/396_3_b.jpg;data/JPG/396_1_a.jpg;data/JPG/396_2_a.jpg;data/JPG/396_3_a.jpg;data/JPG/396_2_b.jpg;data/JPG/396_1_b.jpg;
247,4,397,Report,Informe sobre el estudio de la línea de fuertes que Argentina ha establecido a orillas del Río Negro y en los boquetes de la Cordillera de Los Andes,,,1884/11/14,Chile;Novena Región;Angol,6,,"Argentina, Río Negro, Cordillera de Los Andes",Contains extra files,data/JPG/397_2_a.jpg;data/JPG/397_6_a.jpg;data/JPG/397_2_b.jpg;data/JPG/397_1_a.jpg;data/JPG/397_4_b.jpg;data/JPG/397_4_a.jpg;data/JPG/397_5_b.jpg;data/JPG/397_3_a.jpg;data/JPG/397_3_b.jpg;data/JPG/397_1_b.jpg;data/JPG/397_5_A.jpg;
248,4A,398,Map,Mapa de 31x44 cms.de la zona de Arauco,,,[Siglo XIX],,1,,Arauco,Verify !,data/JPG/398.jpg;
249,4A,399,Map,"Mapa de 60x89 cms. de la Región de Arauco, mostrando detalles desde hidrográficos desde Concepción hasta Villarrica",,,[Siglo XIX],,1,,Arauco,Verify !,data/JPG/399.jpg;
250,4,887,Archives (series),Serie de documentos que dan cuenta de los servicios que prestó Juan Bautista Rosales durante la Pacificación de la Araucanía,,,1862-1909,,46,,,Contains extra files,data/JPG/887_2_2.jpg;data/JPG/887_11_a.jpg;data/JPG/887_34.jpg;data/JPG/887_59.jpg;data/JPG/887_2_3.jpg;data/JPG/887_2_8.jpg;data/JPG/887_1_a.jpg;data/JPG/887_6_a.jpg;data/JPG/887_55.jpg;data/JPG/887_28.jpg;data/JPG/887_26.jpg;data/JPG/887_9_a.jpg;data/JPG/887_7_b.jpg;data/JPG/887_15.jpg;data/JPG/887_4_b.jpg;data/JPG/887_41.jpg;data/JPG/887_38.jpg;data/JPG/887_2_17.jpg;data/JPG/887_2_4.jpg;data/JPG/887_5_a.jpg;data/JPG/887_2_6.jpg;data/JPG/887_43.jpg;data/JPG/887_33.jpg;data/JPG/887_2_11.jpg;data/JPG/887_29.jpg;data/JPG/887_32.jpg;data/JPG/887_3_b.jpg;data/JPG/887_16.jpg;data/JPG/887_2_1.jpg;data/JPG/887_42.jpg;data/JPG/887_10_b.jpg;data/JPG/887_35.jpg;data/JPG/887_2_13.jpg;data/JPG/887_39.jpg;data/JPG/887_45.jpg;data/JPG/887_21.jpg;data/JPG/887_61.jpg;data/JPG/887_57.jpg;data/JPG/887_24.jpg;data/JPG/887_40.jpg;data/JPG/887_52.jpg;data/JPG/887_8_a.jpg;data/JPG/887_56.jpg;data/JPG/887_2_16.jpg;data/JPG/887_2_18.jpg;data/JPG/887_44.jpg;data/JPG/887_14.jpg;data/JPG/887_58.jpg;data/JPG/887_4_a.jpg;data/JPG/887_37.jpg;data/JPG/887_31.jpg;data/JPG/887_2_b.jpg;data/JPG/887_2_15.jpg;data/JPG/887_49.jpg;data/JPG/887_2_20.jpg;data/JPG/887_6_b.jpg;data/JPG/887_1_b.jpg;data/JPG/887_30.jpg;data/JPG/887_9_b.jpg;data/JPG/887_23.jpg;data/JPG/887_5_b.jpg;data/JPG/887_36.jpg;data/JPG/887_12.jpg;data/JPG/887_53.jpg;data/JPG/887_50.jpg;data/JPG/887_2_9.jpg;data/JPG/887_17.jpg;data/JPG/887_2_7.jpg;data/JPG/887_7_a.jpg;data/JPG/887_22.jpg;data/JPG/887_tapa_a.jpg;data/JPG/887_11_b.jpg;data/JPG/887_47.jpg;data/JPG/887_13.jpg;data/JPG/887_3_atif.jpg;data/JPG/887_tapa_b.jpg;data/JPG/887_25.jpg;data/JPG/887_2_5.jpg;data/JPG/887_2_10.jpg;data/JPG/887_20.jpg;data/JPG/887_8_b.jpg;data/JPG/887_2_a.jpg;data/JPG/887_54.jpg;data/JPG/887_51.jpg;data/JPG/887_2_12.jpg;data/JPG/887_60.jpg;data/JPG/887_27.jpg;data/JPG/887_48.jpg;data/JPG/887_46.jpg;data/JPG/887_2_19.jpg;data/JPG/887_18.jpg;data/JPG/887_19.jpg;data/JPG/887_10_a.jpg;data/JPG/887_2_14.jpg;
251,4,888,Archives (series),Serie de documentos oficiales firmados por Belisario Prats referentes a las campañas en la Araucanía,,,1877,,54,,,Contains extra files,data/JPG/888_30.jpg;data/JPG/888_23.jpg;data/JPG/888_61.jpg;data/JPG/888_48.jpg;data/JPG/888_58.jpg;data/JPG/888_50.jpg;data/JPG/888_5.jpg;data/JPG/888_88.jpg;data/JPG/888_104.jpg;data/JPG/888_84.jpg;data/JPG/888_79.jpg;data/JPG/888_103.jpg;data/JPG/888_64.jpg;data/JPG/888_41.jpg;data/JPG/888_7.jpg;data/JPG/888_40.jpg;data/JPG/888_54.jpg;data/JPG/888_47.jpg;data/JPG/888_102.jpg;data/JPG/888_2.jpg;data/JPG/888_55.jpg;data/JPG/888_105.jpg;data/JPG/888_71.jpg;data/JPG/888_89.jpg;data/JPG/888_96.jpg;data/JPG/888_18.jpg;data/JPG/888_27.jpg;data/JPG/888_14.jpg;data/JPG/888_32.jpg;data/JPG/888_9.jpg;data/JPG/888_76.jpg;data/JPG/888_63.jpg;data/JPG/888_92.jpg;data/JPG/888_106.jpg;data/JPG/888_39.jpg;data/JPG/888_107.jpg;data/JPG/888_86.jpg;data/JPG/888_108.jpg;data/JPG/888_98.jpg;data/JPG/888_37.jpg;data/JPG/888_6.jpg;data/JPG/888_tapa.jpg;data/JPG/888_26.jpg;data/JPG/888_35.jpg;data/JPG/888_100.jpg;data/JPG/888_91.jpg;data/JPG/888_75.jpg;data/JPG/888_82.jpg;data/JPG/888_46.jpg;data/JPG/888_33.jpg;data/JPG/888_20.jpg;data/JPG/888_15.jpg;data/JPG/888_97.jpg;data/JPG/888_44.jpg;data/JPG/888_77.jpg;data/JPG/888_24_.jpg;data/JPG/888_53.jpg;data/JPG/888_43.jpg;data/JPG/888_49.jpg;data/JPG/888_19.jpg;data/JPG/888_13.jpg;data/JPG/888_28.jpg;data/JPG/888_tapa2.jpg;data/JPG/888_66.jpg;data/JPG/888_11.jpg;data/JPG/888_36.jpg;data/JPG/888_38.jpg;data/JPG/888_78.jpg;data/JPG/888_60.jpg;data/JPG/888_94.jpg;data/JPG/888_34.jpg;data/JPG/888_51.jpg;data/JPG/888_81.jpg;data/JPG/888_90.jpg;data/JPG/888_17.jpg;data/JPG/888_95.jpg;data/JPG/888_69.jpg;data/JPG/888_45.jpg;data/JPG/888_10.jpg;data/JPG/888_16.jpg;data/JPG/888_22.jpg;data/JPG/888_93.jpg;data/JPG/888_65.jpg;data/JPG/888_3.jpg;data/JPG/888_1.jpg;data/JPG/888_8.jpg;data/JPG/888_85.jpg;data/JPG/888_83.jpg;data/JPG/888_29.jpg;data/JPG/888_99.jpg;data/JPG/888_56.jpg;data/JPG/888_24.jpg;data/JPG/888_31.jpg;data/JPG/888_70.jpg;data/JPG/888_52.jpg;data/JPG/888_74.jpg;data/JPG/888_21.jpg;data/JPG/888_80.jpg;data/JPG/888_59.jpg;data/JPG/888_73.jpg;data/JPG/888_67.jpg;data/JPG/888_57.jpg;data/JPG/888_72.jpg;data/JPG/888_12.jpg;data/JPG/888_62.jpg;data/JPG/888_87.jpg;data/JPG/888_42.jpg;data/JPG/888_25.jpg;data/JPG/888_101.jpg;data/JPG/888_4.jpg;
252,61,1643,Book,Libro copiador de correspondencia del general Gregorio Urrutia Venegas,"Urrutia Venegas, Gregorio",,1866/05/04,Chile;Octava Región;Lota,600,,,,
253,62,1677,Letters,Carta del 27 de agosto de 1877 de Cornelio Saavedra a Gregorio Urrutia,"Saavedra, Cornelio",,1877/08/27,Chile;Región Metropolitana;Santiago,1,"Urrutia Venegas, Gregorio",,Missing files,data/JPG/1677_b.jpg;data/JPG/1677_a.jpg;
